"","R1","R2","R3","R4","R5","R6","R7","R8"
"1",0,1,1,1,0,1,1,0
"2",1,0,1,1,1,1,1,1
"3",1,1,1,1,1,1,1,1
"4",1,1,1,1,1,0,1,1
"5",0,0,0,1,0,1,1,1
"6",1,1,0,1,0,1,0,1
"7",1,0,1,1,1,1,1,1
"8",0,1,1,1,1,0,0,1
"9",1,1,1,0,1,1,0,1
"10",1,1,0,1,1,0,1,0
"11",0,1,0,1,1,1,1,0
"12",1,1,1,0,1,1,0,1
"13",0,1,1,0,0,1,0,1
"14",1,1,1,1,1,1,0,0
"15",1,1,0,1,1,0,0,1
"16",1,1,1,1,1,1,1,1
"17",0,1,1,1,1,0,0,1
"18",1,0,1,0,1,1,1,0
"19",0,0,1,0,1,1,1,1
"20",1,1,1,1,1,0,0,0
"21",1,1,1,1,1,1,1,1
"22",1,0,1,1,0,1,0,1
"23",0,0,0,0,0,1,0,1
"24",0,1,0,1,1,1,0,1
"25",1,1,1,1,1,1,1,1
"26",1,1,1,0,1,1,1,1
"27",0,1,1,1,0,0,1,1
"28",1,1,0,1,0,0,1,1
"29",0,1,0,1,0,0,1,1
"30",1,1,0,1,1,1,1,1
"31",0,1,1,0,0,0,1,1
"32",1,0,1,1,0,0,0,0
"33",1,1,1,1,1,1,0,1
"34",1,1,0,1,1,1,1,1
"35",1,1,1,0,0,1,1,1
"36",1,1,1,1,1,1,1,0
"37",1,1,1,1,0,1,0,1
"38",0,1,1,1,1,1,0,1
"39",1,1,1,0,1,1,1,1
"40",1,1,1,1,1,1,0,1
"41",0,0,1,1,1,1,1,0
"42",1,0,1,0,0,1,1,1
"43",0,1,0,1,0,0,0,1
"44",0,0,1,0,1,0,1,0
"45",0,0,1,1,1,1,0,1
"46",1,0,1,0,0,1,1,1
"47",1,1,0,1,0,0,0,1
"48",0,1,0,1,0,1,0,1
"49",0,1,1,1,1,0,1,1
"50",0,1,1,1,1,1,0,1
"51",1,1,1,1,1,1,1,1
"52",0,0,1,0,0,1,0,0
"53",0,1,1,1,1,1,0,1
"54",1,1,0,1,1,1,1,1
"55",0,0,1,1,0,1,1,0
"56",0,0,1,0,1,1,0,0
"57",1,1,1,1,0,0,1,1
"58",1,0,1,1,1,1,1,0
"59",1,1,1,0,1,1,1,0
"60",1,1,0,1,1,1,1,1
"61",0,0,1,0,0,0,0,1
"62",1,1,1,0,1,0,1,1
"63",0,1,1,1,1,1,0,1
"64",1,1,1,1,0,1,1,1
"65",1,1,1,1,1,1,1,1
"66",1,1,1,1,1,0,1,1
"67",1,0,1,0,1,0,0,0
"68",1,1,0,1,1,1,1,0
"69",1,0,0,1,1,1,1,0
"70",1,1,1,1,1,1,1,1
"71",1,1,0,0,0,1,0,0
"72",1,0,1,1,1,1,0,1
"73",1,1,1,1,1,1,1,1
"74",1,1,0,0,1,1,1,0
"75",0,1,1,0,0,0,1,0
"76",1,0,0,1,1,1,1,1
"77",1,0,1,1,1,0,0,0
"78",1,0,1,0,0,0,0,1
"79",0,0,0,1,1,0,1,0
"80",0,0,1,0,0,1,1,0
"81",0,0,1,0,1,0,0,1
"82",1,1,1,1,1,1,1,1
"83",1,0,0,0,1,1,1,1
"84",1,1,1,1,1,1,1,1
"85",1,1,1,1,1,0,1,1
"86",1,0,0,1,0,1,1,0
"87",1,1,1,0,0,0,1,0
"88",0,0,0,0,1,0,1,0
"89",1,0,0,0,0,0,1,0
"90",1,0,0,1,0,0,1,0
"91",1,0,1,0,0,1,1,1
"92",1,1,0,1,1,1,1,1
"93",0,1,1,1,1,1,0,1
"94",1,1,1,1,1,1,1,1
"95",0,1,0,0,0,1,0,0
"96",0,1,0,1,1,0,0,1
"97",0,0,0,0,0,0,1,0
"98",1,1,1,0,1,1,1,1
"99",0,1,1,1,1,1,1,1
"100",1,1,1,1,0,0,0,0
"101",1,1,1,1,1,1,1,0
"102",1,0,1,1,1,1,1,1
"103",1,0,1,1,0,0,1,1
"104",1,1,1,1,1,0,0,0
"105",1,1,1,1,1,1,1,1
"106",1,1,1,1,0,1,1,0
"107",0,1,0,1,1,0,0,1
"108",1,1,1,1,1,1,1,1
"109",0,1,1,1,1,1,0,0
"110",1,0,0,1,0,0,0,1
"111",1,1,1,1,1,1,1,1
"112",1,0,1,0,1,1,1,1
"113",1,1,1,1,1,0,1,1
"114",1,1,1,1,1,1,0,1
"115",0,1,0,0,0,1,1,0
"116",1,1,1,1,1,1,0,1
"117",0,0,1,1,0,0,0,1
"118",1,1,1,1,1,1,1,1
"119",1,1,0,1,1,1,1,1
"120",0,1,1,1,1,0,0,1
"121",1,0,1,1,1,1,1,0
"122",1,1,1,0,1,0,1,0
"123",0,1,1,1,1,0,0,0
"124",1,1,0,1,0,0,1,1
"125",1,1,1,1,0,1,1,0
"126",1,1,1,1,1,1,1,1
"127",1,1,1,1,1,1,1,0
"128",1,1,1,1,0,1,1,0
"129",1,1,1,1,1,1,1,1
"130",1,1,0,1,0,1,0,1
"131",0,1,1,1,0,0,0,1
"132",0,1,1,1,0,1,1,0
"133",1,0,0,1,1,1,1,0
"134",0,0,0,1,0,1,1,0
"135",0,1,1,0,0,0,0,1
"136",0,0,0,0,1,0,0,0
"137",0,1,1,1,1,1,1,0
"138",0,0,0,1,0,0,1,0
"139",1,1,1,1,0,1,1,1
"140",0,1,1,1,1,1,1,1
"141",0,0,0,1,1,0,1,0
"142",1,1,1,0,1,1,1,1
"143",1,1,1,0,0,1,1,1
"144",0,0,1,0,1,1,1,1
"145",1,0,1,1,1,1,1,1
"146",0,0,0,1,1,0,0,0
"147",1,1,1,1,0,0,1,1
"148",1,1,1,1,1,0,0,1
"149",1,1,0,1,0,1,1,1
"150",0,1,1,1,1,0,1,1
"151",1,1,1,1,1,1,1,1
"152",0,1,0,0,1,1,1,0
"153",1,1,1,0,1,1,1,1
"154",1,1,1,1,0,0,1,1
"155",1,0,1,1,1,1,0,0
"156",0,1,1,0,1,0,0,1
"157",0,1,0,0,0,1,0,1
"158",0,1,1,1,1,1,1,0
"159",0,1,1,1,1,1,1,1
"160",0,1,0,1,0,1,1,1
"161",0,1,1,1,1,0,1,1
"162",0,1,0,1,1,1,1,1
"163",1,1,1,0,1,1,0,1
"164",1,1,1,1,1,1,1,1
"165",1,1,1,1,1,1,1,1
"166",1,1,1,1,1,1,1,1
"167",1,1,1,1,0,0,1,1
"168",0,1,1,1,1,1,1,0
"169",0,1,1,0,0,0,1,1
"170",1,0,0,1,1,0,1,1
"171",1,0,1,1,1,0,0,1
"172",0,1,0,1,1,0,0,1
"173",1,1,1,1,0,1,1,1
"174",0,0,1,1,1,1,1,1
"175",1,1,0,1,0,0,0,1
"176",1,1,1,1,1,1,1,0
"177",0,1,0,0,1,1,0,1
"178",1,0,1,1,1,1,1,1
"179",1,1,1,0,1,1,1,1
"180",0,1,1,1,1,1,1,1
"181",0,1,1,1,0,1,0,1
"182",1,1,1,0,1,1,1,1
"183",1,1,0,1,1,1,1,1
"184",0,0,1,1,1,0,1,1
"185",0,0,0,1,1,1,0,1
"186",0,1,1,1,1,1,1,1
"187",1,1,1,0,1,0,0,1
"188",1,0,1,0,0,1,0,1
"189",0,1,1,1,1,0,0,1
"190",1,1,1,1,1,0,0,0
"191",1,1,1,1,1,1,1,1
"192",1,1,1,1,1,1,1,1
"193",0,1,1,0,1,1,1,0
"194",1,1,1,1,1,1,1,1
"195",1,1,1,1,1,1,0,1
"196",1,1,1,1,1,1,1,1
"197",1,1,1,1,0,1,1,0
"198",0,1,1,1,1,0,0,0
"199",1,0,0,1,1,1,1,1
"200",1,1,1,0,1,1,0,1
"201",1,0,0,0,1,1,1,1
"202",0,1,1,1,1,0,1,0
"203",0,1,0,0,0,1,0,1
"204",0,0,0,0,1,0,0,1
"205",1,1,1,1,1,1,0,1
"206",1,1,1,1,1,1,1,1
"207",1,1,1,1,0,1,1,0
"208",1,1,1,1,1,1,1,1
"209",1,0,1,1,1,0,1,1
"210",1,1,1,1,0,1,1,0
"211",1,1,1,1,1,1,1,1
"212",1,1,1,1,1,0,1,1
"213",0,1,1,1,0,1,0,1
"214",1,1,1,0,0,1,1,1
"215",1,1,1,1,1,1,1,1
"216",1,0,1,1,0,0,0,1
"217",1,0,1,1,0,0,1,0
"218",0,1,1,0,0,0,1,0
"219",1,0,1,0,1,0,1,1
"220",1,1,1,1,1,1,1,1
"221",1,1,0,1,0,1,1,0
"222",0,1,1,1,1,0,1,1
"223",1,1,1,0,1,1,1,1
"224",0,1,0,0,1,1,1,1
"225",0,1,1,1,0,0,1,0
"226",1,1,1,1,0,1,1,0
"227",0,1,1,1,0,0,1,1
"228",1,1,0,1,1,1,1,1
"229",1,0,0,0,0,1,0,1
"230",0,1,0,1,1,1,1,1
"231",0,1,1,1,1,1,1,1
"232",0,1,1,1,1,1,1,1
"233",1,0,1,1,1,1,1,1
"234",1,1,1,1,1,1,1,1
"235",0,0,1,1,1,1,1,1
"236",1,0,1,1,0,1,1,1
"237",1,1,1,1,1,1,1,0
"238",1,0,1,1,0,0,1,0
"239",0,1,1,1,1,1,1,1
"240",1,1,0,1,1,0,1,0
"241",1,1,0,1,0,0,1,1
"242",1,1,1,1,1,1,1,0
"243",0,1,1,0,1,1,0,0
"244",1,1,1,1,1,0,0,1
"245",1,1,1,1,1,1,1,1
"246",1,1,1,1,1,1,1,0
"247",1,1,0,1,0,1,1,1
"248",0,1,1,0,0,1,1,0
"249",0,1,0,1,1,1,0,1
"250",1,1,1,0,0,1,1,1
"251",0,1,1,1,1,1,1,1
"252",1,0,1,1,0,1,1,1
"253",0,0,1,1,1,0,0,0
"254",0,0,1,0,0,1,1,0
"255",1,0,0,0,0,1,0,0
"256",1,0,1,1,1,1,1,1
"257",1,1,1,1,1,1,1,0
"258",0,1,1,1,0,1,1,0
"259",0,1,1,1,0,0,0,1
"260",1,0,1,1,0,0,1,1
"261",1,0,0,0,1,1,1,0
"262",1,1,1,1,0,0,1,1
"263",0,0,0,1,1,1,0,1
"264",1,1,0,0,0,1,1,1
"265",1,1,1,1,1,1,1,1
"266",1,0,0,0,1,1,1,0
"267",1,1,1,1,1,1,1,1
"268",1,0,1,1,0,1,1,1
"269",1,0,0,1,0,1,0,0
"270",0,0,1,0,1,1,0,0
"271",1,1,0,1,1,1,1,0
"272",1,0,1,1,1,1,0,1
"273",0,1,1,0,1,0,1,1
"274",1,1,1,1,0,1,1,1
"275",1,1,1,1,1,1,1,1
"276",0,0,0,1,1,1,1,0
"277",1,1,1,1,1,1,0,0
"278",1,1,1,0,1,1,1,1
"279",0,1,1,0,0,1,0,1
"280",1,1,1,1,1,1,1,1
"281",1,0,1,1,1,1,1,0
"282",0,1,1,1,1,1,1,1
"283",1,0,1,1,0,0,1,1
"284",1,1,1,1,0,0,0,0
"285",1,1,1,1,1,1,0,1
"286",1,1,1,1,1,0,1,1
"287",1,1,1,1,0,1,1,0
"288",1,1,0,0,1,0,0,0
"289",1,1,1,1,1,1,1,1
"290",1,1,0,0,0,1,1,1
"291",1,1,1,1,1,1,1,1
"292",1,0,0,1,1,0,0,1
"293",1,1,0,1,1,1,1,1
"294",1,0,0,1,1,0,1,0
"295",1,1,1,1,1,1,1,1
"296",0,0,1,1,1,1,1,1
"297",0,1,0,1,0,1,1,1
"298",1,1,1,1,1,1,1,1
"299",1,1,1,1,1,1,1,1
"300",0,0,1,0,1,1,0,1
"301",1,1,1,1,1,0,1,1
"302",1,0,0,1,1,1,0,1
"303",1,1,1,1,1,1,1,1
"304",1,1,0,0,1,1,1,0
"305",1,0,1,0,1,1,1,0
"306",1,0,1,0,1,1,1,0
"307",1,1,1,1,1,1,1,1
"308",1,1,1,0,1,1,1,1
"309",1,1,1,1,1,1,0,1
"310",1,1,1,1,1,1,1,1
"311",1,1,1,1,1,1,1,1
"312",0,1,1,1,1,1,1,1
"313",1,1,1,1,1,1,1,0
"314",0,1,1,1,1,0,1,1
"315",1,1,1,1,1,1,1,1
"316",0,1,1,1,1,1,1,1
"317",0,1,1,0,0,0,1,1
"318",1,1,1,1,1,1,0,1
"319",1,1,1,1,1,1,1,1
"320",0,0,1,0,1,1,1,1
"321",1,0,1,0,1,1,1,1
"322",0,0,1,1,1,1,1,1
"323",1,1,1,1,0,1,1,0
"324",1,0,0,1,1,1,1,1
"325",1,1,0,0,0,0,1,1
"326",0,0,0,0,1,1,1,1
"327",0,0,1,0,1,1,1,1
"328",1,0,1,1,1,0,1,1
"329",0,1,0,1,1,0,1,1
"330",1,0,1,1,0,0,0,0
"331",1,0,1,1,1,0,0,1
"332",1,1,1,1,1,1,1,1
"333",1,0,1,0,1,1,1,0
"334",1,1,1,1,1,1,1,1
"335",1,1,0,1,1,0,1,1
"336",1,1,0,1,1,1,1,1
"337",0,0,0,1,0,1,1,1
"338",1,1,1,1,0,1,1,1
"339",1,1,0,1,0,0,0,1
"340",1,1,1,1,1,1,1,1
"341",1,1,0,0,1,1,0,1
"342",1,1,0,1,1,0,0,0
"343",0,0,1,1,0,0,0,0
"344",1,1,1,1,0,1,1,1
"345",0,1,0,1,1,0,0,1
"346",1,1,1,1,0,0,0,1
"347",1,1,1,1,1,1,1,1
"348",1,0,1,0,0,0,1,1
"349",1,1,1,1,1,1,1,1
"350",0,1,0,0,1,1,1,1
"351",1,1,0,1,0,1,0,0
"352",1,0,1,1,1,0,1,1
"353",0,1,0,1,1,1,1,1
"354",1,0,1,1,1,1,1,1
"355",0,1,1,1,0,1,1,1
"356",1,0,1,1,0,1,0,1
"357",1,1,1,1,0,1,1,1
"358",1,1,1,1,1,0,1,1
"359",1,1,1,1,1,1,1,1
"360",1,1,0,1,1,1,0,0
"361",0,1,0,1,0,0,0,0
"362",0,0,1,1,1,1,1,1
"363",0,1,1,1,1,1,0,1
"364",0,0,1,1,1,0,0,0
"365",0,1,1,0,0,0,1,0
"366",0,1,1,0,1,1,1,0
"367",1,0,1,1,1,1,0,1
"368",1,0,1,1,0,0,0,1
"369",0,0,0,1,0,0,1,0
"370",1,0,1,1,1,0,1,0
"371",1,0,1,0,1,1,1,1
"372",1,1,1,1,0,1,1,0
"373",1,1,1,0,1,1,1,1
"374",1,1,1,0,0,1,1,1
"375",1,1,1,0,1,1,1,1
"376",1,0,1,1,1,1,1,1
"377",1,1,1,0,0,1,0,0
"378",1,1,1,1,1,0,1,1
"379",1,0,1,1,1,1,1,1
"380",1,1,1,0,0,0,0,1
"381",0,1,1,1,1,1,1,0
"382",0,0,0,1,0,0,1,0
"383",0,0,1,1,1,1,1,0
"384",0,1,1,1,1,1,0,1
"385",1,0,1,1,0,1,0,1
"386",1,1,1,1,1,1,1,1
"387",1,1,0,1,0,0,1,0
"388",1,1,1,1,1,1,0,1
"389",1,1,1,1,1,1,0,0
"390",0,0,1,1,0,0,1,1
"391",0,1,0,0,0,1,1,1
"392",0,1,1,1,0,0,0,0
"393",1,1,1,1,1,1,1,1
"394",1,0,1,0,1,0,1,0
"395",1,0,1,1,1,1,0,0
"396",1,1,1,0,0,1,0,1
"397",1,1,0,1,0,1,1,1
"398",1,1,1,1,1,1,1,0
"399",0,1,1,0,0,1,1,1
"400",1,1,1,1,1,1,0,1
"401",0,1,1,1,1,1,0,0
"402",1,1,1,0,1,1,0,1
"403",0,1,0,1,0,0,1,1
"404",0,1,0,1,1,1,1,1
"405",1,0,0,1,0,0,0,1
"406",1,1,1,1,1,0,1,1
"407",0,1,1,1,0,0,1,1
"408",1,1,1,1,1,1,1,0
"409",0,0,1,0,1,1,1,1
"410",1,0,0,1,1,1,0,0
"411",1,1,0,1,1,1,0,1
"412",0,1,0,1,1,1,1,1
"413",1,0,1,1,1,1,0,1
"414",0,0,0,1,1,1,0,1
"415",0,0,0,0,0,0,1,1
"416",1,1,0,1,0,1,1,0
"417",1,0,1,0,1,1,0,1
"418",1,0,0,0,0,1,1,1
"419",0,1,1,1,1,1,1,1
"420",1,1,1,0,1,1,1,1
"421",1,1,1,1,0,1,1,1
"422",1,1,1,1,1,1,1,1
"423",1,1,1,1,1,1,1,1
"424",0,1,1,1,0,0,0,1
"425",1,0,1,1,1,1,1,1
"426",0,1,1,0,1,1,0,1
"427",1,1,1,1,1,1,1,1
"428",0,1,0,1,1,1,1,1
"429",1,1,1,1,1,1,1,1
"430",0,1,1,0,1,1,0,0
"431",0,1,1,1,1,1,1,1
"432",1,1,1,0,0,0,1,0
"433",1,1,1,1,1,1,1,1
"434",1,0,1,0,1,1,1,0
"435",1,1,0,0,1,1,1,1
"436",0,0,0,0,0,1,1,0
"437",1,1,1,1,1,1,0,1
"438",1,1,1,0,1,0,1,1
"439",1,0,1,0,1,1,1,1
"440",1,1,1,0,1,1,1,1
"441",1,1,0,1,1,1,1,1
"442",1,0,0,1,0,1,0,1
"443",1,1,1,1,1,1,0,1
"444",1,1,0,1,1,1,1,1
"445",0,1,1,0,1,1,1,0
"446",1,1,1,1,0,1,1,1
"447",1,1,1,1,1,1,1,1
"448",1,1,0,0,1,1,1,1
"449",1,0,0,1,0,0,0,0
"450",1,1,1,1,1,1,1,1
"451",0,1,1,1,1,1,1,1
"452",1,0,1,1,1,1,1,1
"453",1,1,0,0,1,1,1,0
"454",1,0,0,0,1,1,1,0
"455",1,0,1,1,1,1,1,0
"456",1,1,0,0,1,1,0,0
"457",1,1,1,1,0,1,1,1
"458",1,1,0,1,1,0,0,1
"459",1,1,1,1,1,1,1,1
"460",0,1,0,1,1,1,1,1
"461",0,1,1,0,0,1,1,1
"462",0,1,0,1,1,1,1,0
"463",1,0,0,1,0,1,1,1
"464",1,0,1,1,1,0,1,0
"465",1,1,1,1,0,0,1,1
"466",1,0,1,0,0,0,1,1
"467",1,1,1,0,1,1,1,1
"468",1,1,0,0,1,1,1,1
"469",0,0,0,1,1,1,1,1
"470",0,1,0,0,1,1,0,0
"471",1,1,0,0,1,0,0,1
"472",1,1,0,1,1,1,1,0
"473",1,1,0,1,1,0,0,1
"474",1,0,1,0,0,1,0,1
"475",1,1,1,1,1,1,1,0
"476",1,1,1,1,1,1,1,1
"477",1,0,1,0,1,1,0,1
"478",1,1,1,0,1,1,1,1
"479",1,1,1,1,1,1,1,1
"480",1,0,1,0,1,0,0,1
"481",0,1,0,1,1,0,1,0
"482",1,1,1,0,0,0,0,1
"483",1,1,1,0,1,1,1,1
"484",1,1,0,0,1,1,1,1
"485",1,0,1,0,1,1,1,0
"486",1,1,1,1,1,1,1,1
"487",0,1,1,1,1,1,1,1
"488",1,1,1,1,1,1,1,1
"489",1,1,1,1,1,1,1,1
"490",0,0,1,1,1,1,1,1
"491",0,1,1,1,1,1,1,1
"492",1,1,1,0,1,0,0,0
"493",1,0,1,1,1,1,1,0
"494",1,0,1,1,1,1,1,1
"495",1,1,1,1,1,1,1,1
"496",1,1,0,1,1,1,1,1
"497",1,0,0,1,1,0,0,1
"498",1,1,1,1,1,1,1,1
"499",0,1,1,0,1,0,0,1
"500",1,1,1,1,1,1,0,1
"501",1,0,1,1,1,1,1,1
"502",1,1,1,0,1,1,1,1
"503",1,1,1,1,1,1,1,1
"504",1,1,1,1,1,1,1,1
"505",1,1,0,1,1,1,1,0
"506",1,1,1,1,0,1,1,1
"507",1,1,0,0,1,1,1,0
"508",1,0,1,0,1,0,1,1
"509",1,1,0,0,1,0,1,0
"510",1,1,1,1,1,1,1,1
"511",1,0,0,1,0,0,0,1
"512",1,1,1,1,1,1,1,1
"513",1,1,1,1,0,0,0,1
"514",0,0,0,1,1,1,1,1
"515",0,1,1,1,0,0,1,0
"516",1,1,1,1,1,0,1,1
"517",1,0,1,1,0,1,1,1
"518",1,1,0,1,1,1,1,1
"519",1,0,1,1,1,1,1,1
"520",1,1,0,1,1,1,1,0
"521",1,1,1,1,1,1,1,1
"522",0,1,1,0,1,1,1,1
"523",1,1,1,1,1,1,0,1
"524",1,1,1,1,1,1,0,1
"525",0,1,0,1,1,1,1,0
"526",1,1,1,1,1,0,1,1
"527",1,0,1,1,1,0,1,0
"528",1,0,1,1,1,1,1,1
"529",0,1,1,1,1,1,1,1
"530",0,0,1,1,1,1,1,1
"531",0,1,1,1,0,1,0,1
"532",1,0,1,1,1,1,1,1
"533",1,0,1,1,0,1,1,1
"534",0,0,0,1,0,1,1,0
"535",1,0,1,0,1,0,1,0
"536",0,0,1,1,0,1,0,0
"537",1,1,1,0,1,0,1,1
"538",1,1,1,0,1,0,0,1
"539",0,1,1,1,0,1,1,1
"540",0,1,1,0,0,1,0,0
"541",0,1,1,1,1,1,0,1
"542",1,1,0,1,1,1,1,1
"543",1,1,1,0,0,1,0,1
"544",1,1,0,1,0,0,1,0
"545",1,1,1,0,1,1,0,1
"546",1,0,1,1,1,1,1,1
"547",1,0,0,1,0,1,1,0
"548",1,1,1,1,1,1,1,1
"549",1,1,1,1,1,1,1,1
"550",1,0,0,1,1,1,1,1
"551",0,0,1,1,1,1,1,1
"552",1,0,1,1,1,1,0,1
"553",1,1,1,0,1,1,1,1
"554",0,1,1,1,1,0,0,0
"555",0,0,1,1,0,1,1,1
"556",1,1,1,0,1,1,1,1
"557",0,0,1,1,1,1,0,0
"558",1,0,1,1,1,1,1,1
"559",1,1,1,1,1,1,1,1
"560",1,1,1,1,0,0,0,1
"561",0,1,0,1,1,1,0,0
"562",1,0,1,0,0,0,1,1
"563",0,0,1,0,0,1,1,0
"564",0,1,1,0,0,1,1,1
"565",1,1,1,0,1,1,1,0
"566",1,0,1,1,1,1,1,1
"567",1,1,0,1,1,0,1,1
"568",1,1,1,1,1,1,1,1
"569",1,1,1,1,1,1,1,1
"570",1,1,1,1,1,1,1,0
"571",1,1,1,0,1,1,1,1
"572",0,1,1,0,0,0,0,1
"573",1,1,1,0,1,1,0,0
"574",1,1,1,1,1,1,1,1
"575",0,0,0,1,1,1,1,0
"576",1,1,1,0,1,0,1,0
"577",1,0,1,0,0,1,0,1
"578",1,1,1,1,0,1,1,1
"579",0,1,1,1,1,1,0,1
"580",0,0,1,0,1,1,0,1
"581",1,1,1,0,1,1,1,1
"582",1,1,0,1,1,1,1,0
"583",0,0,1,0,0,1,0,1
"584",1,1,0,1,0,0,1,0
"585",1,1,0,1,1,1,0,0
"586",0,1,1,1,1,0,1,1
"587",1,0,0,0,1,1,0,1
"588",1,1,1,1,0,1,1,1
"589",1,0,1,1,1,1,0,1
"590",1,0,1,1,1,0,1,0
"591",1,1,0,1,1,1,1,1
"592",1,1,1,1,1,1,1,1
"593",1,1,1,0,1,1,1,1
"594",1,0,1,0,1,1,0,1
"595",1,1,1,1,1,1,1,1
"596",0,1,1,1,0,0,1,0
"597",1,0,0,1,1,1,1,0
"598",1,1,1,0,1,0,1,1
"599",1,0,1,1,1,1,1,1
"600",1,1,1,1,1,1,1,1
"601",0,0,1,0,0,1,1,1
"602",1,1,1,1,1,1,1,1
"603",1,1,1,0,1,0,0,0
"604",1,1,1,1,1,1,1,1
"605",1,1,1,1,1,1,0,0
"606",0,0,0,1,0,1,0,1
"607",1,1,1,1,1,1,0,1
"608",0,1,1,1,0,1,0,0
"609",1,1,1,1,1,1,1,1
"610",0,1,1,1,0,1,1,0
"611",1,1,1,1,1,1,1,1
"612",1,1,1,1,1,1,1,1
"613",0,1,1,1,1,1,0,1
"614",0,0,0,1,0,0,1,1
"615",1,0,1,1,0,1,1,1
"616",1,1,1,1,1,0,1,1
"617",1,1,0,0,1,1,1,1
"618",1,0,0,1,0,1,1,1
"619",1,1,1,1,0,1,1,0
"620",1,0,0,1,0,1,0,0
"621",0,0,1,1,1,1,1,1
"622",1,1,0,1,0,0,1,0
"623",0,1,1,0,0,1,1,0
"624",1,1,0,1,1,0,1,1
"625",0,1,1,1,1,1,1,1
"626",1,1,1,1,0,1,1,0
"627",1,0,1,1,1,0,1,1
"628",1,1,1,1,1,1,1,1
"629",0,1,0,0,1,0,1,0
"630",1,0,0,1,1,0,0,1
"631",0,1,1,1,1,1,0,1
"632",1,1,0,1,1,0,1,1
"633",0,0,1,0,0,0,1,0
"634",1,0,0,1,0,0,0,0
"635",1,1,1,1,0,1,1,1
"636",0,1,0,1,1,0,1,0
"637",1,1,1,1,1,1,1,0
"638",1,1,1,1,0,1,1,1
"639",1,1,1,1,0,1,1,1
"640",0,1,1,1,1,1,1,0
"641",1,1,0,1,1,0,1,0
"642",1,1,1,1,1,0,0,0
"643",1,1,1,1,0,0,1,1
"644",0,1,0,1,1,1,0,1
"645",0,1,1,1,1,0,0,0
"646",0,1,0,1,0,1,1,1
"647",1,1,1,0,0,0,1,1
"648",1,1,1,0,0,1,0,1
"649",1,0,1,0,1,1,0,1
"650",1,1,1,1,0,0,0,1
"651",0,0,1,0,0,0,1,0
"652",0,1,0,1,1,1,1,1
"653",1,1,1,1,0,1,0,1
"654",0,1,1,1,1,0,1,1
"655",1,0,0,0,0,0,1,0
"656",1,1,0,0,0,0,1,0
"657",1,1,0,0,0,1,1,1
"658",0,1,1,1,0,1,1,0
"659",1,1,0,0,1,1,1,1
"660",1,0,1,1,1,1,1,0
"661",0,1,0,0,1,0,1,1
"662",0,1,1,1,1,1,1,1
"663",1,0,1,1,0,1,1,0
"664",1,1,1,1,1,1,0,1
"665",0,1,1,1,1,1,1,1
"666",0,1,0,1,1,1,1,1
"667",1,0,1,0,1,1,1,0
"668",1,1,1,1,1,1,1,0
"669",1,1,0,0,1,1,1,0
"670",1,1,1,1,0,1,0,1
"671",1,1,1,1,0,0,0,1
"672",0,1,0,1,0,0,0,1
"673",1,0,1,1,1,1,0,1
"674",0,1,1,1,0,1,1,0
"675",0,1,1,1,0,1,1,0
"676",1,1,1,1,1,0,0,1
"677",1,1,1,1,1,1,1,1
"678",0,1,1,0,1,1,1,1
"679",0,1,0,1,0,1,0,0
"680",1,1,1,1,0,0,0,1
"681",1,0,1,1,1,1,1,1
"682",1,1,1,1,1,1,1,1
"683",1,0,1,1,1,1,1,1
"684",0,0,1,1,1,0,1,0
"685",0,1,1,0,1,0,0,0
"686",1,0,1,1,0,1,1,0
"687",1,0,0,1,0,1,1,0
"688",0,0,1,1,0,1,0,1
"689",1,1,0,0,1,1,1,1
"690",1,0,1,1,1,0,1,0
"691",0,0,1,1,1,1,1,1
"692",0,0,1,1,0,1,1,0
"693",0,1,1,1,1,1,1,1
"694",1,1,1,1,1,1,1,0
"695",1,1,1,1,1,0,1,1
"696",1,1,0,1,1,0,1,0
"697",0,0,1,1,1,0,0,1
"698",1,1,1,1,1,1,1,1
"699",0,1,1,1,1,1,1,1
"700",1,1,0,0,0,0,1,1
"701",0,1,0,0,1,1,0,1
"702",1,0,0,1,1,0,0,0
"703",1,1,0,1,0,1,0,0
"704",1,1,1,1,1,0,0,1
"705",1,0,0,0,0,0,1,1
"706",1,1,1,1,1,1,1,1
"707",0,1,1,0,0,1,1,1
"708",1,1,1,1,1,0,1,1
"709",1,0,1,0,1,1,1,1
"710",0,0,1,0,0,1,0,0
"711",1,1,0,0,1,1,1,0
"712",1,0,1,1,1,1,1,1
"713",1,1,0,1,0,0,1,1
"714",0,0,1,1,0,1,1,0
"715",1,0,1,1,1,1,0,0
"716",0,1,0,0,0,1,0,1
"717",1,1,0,1,0,1,1,1
"718",1,1,1,1,1,1,1,1
"719",0,0,0,1,1,1,0,0
"720",1,0,0,0,0,0,0,1
"721",1,1,0,1,0,0,0,1
"722",0,1,1,1,0,1,0,1
"723",1,0,0,1,1,1,0,0
"724",1,1,1,0,0,1,1,1
"725",1,0,1,1,0,1,1,1
"726",0,1,0,1,1,1,1,0
"727",1,1,1,1,1,1,1,1
"728",0,1,1,1,1,0,1,1
"729",0,1,0,1,1,0,1,0
"730",1,1,1,0,1,1,1,1
"731",1,1,1,1,1,1,1,1
"732",1,1,0,1,1,1,1,1
"733",1,1,1,0,0,1,1,0
"734",1,0,1,1,1,1,1,1
"735",0,1,1,1,1,1,0,0
"736",1,0,0,0,1,0,1,1
"737",0,1,1,0,0,1,1,0
"738",1,1,0,1,1,1,1,0
"739",0,1,1,1,0,1,1,1
"740",1,1,0,0,1,1,1,0
"741",1,1,1,0,1,1,0,1
"742",0,1,0,1,1,0,0,1
"743",0,1,1,1,1,1,1,0
"744",1,1,1,1,1,1,1,1
"745",0,1,1,1,1,0,0,0
"746",1,1,1,1,1,1,0,1
"747",1,0,1,1,0,0,1,1
"748",1,1,1,0,0,1,0,1
"749",0,0,0,0,1,1,0,1
"750",1,1,1,1,0,0,1,1
"751",1,1,1,1,1,1,1,0
"752",1,0,0,1,1,1,0,0
"753",0,0,1,0,1,1,1,1
"754",0,1,0,1,0,1,1,1
"755",1,1,1,1,1,1,1,1
"756",0,1,1,1,1,1,1,1
"757",0,0,0,0,1,1,0,1
"758",0,0,1,1,1,1,1,1
"759",1,0,0,1,0,1,0,0
"760",0,0,1,1,0,0,1,1
"761",1,1,1,1,1,1,1,1
"762",0,1,1,1,0,0,0,0
"763",0,1,1,1,1,0,1,1
"764",1,0,0,0,0,1,0,1
"765",0,1,1,1,1,1,1,0
"766",0,0,1,1,1,1,0,1
"767",0,1,1,0,1,1,1,1
"768",1,0,0,1,0,1,1,0
"769",1,0,1,1,1,1,1,1
"770",1,0,0,1,1,1,1,0
"771",1,1,0,1,0,1,1,1
"772",0,1,1,0,1,1,0,0
"773",0,0,0,0,0,1,0,1
"774",1,1,1,1,1,1,1,1
"775",0,1,0,1,0,0,0,1
"776",0,1,1,1,1,0,0,1
"777",1,0,1,0,0,0,1,1
"778",1,0,1,0,0,1,1,1
"779",1,1,0,1,1,1,0,0
"780",0,1,1,0,0,1,1,1
"781",1,0,1,0,0,0,0,1
"782",1,1,0,1,0,0,1,1
"783",0,1,0,0,0,0,0,0
"784",1,0,0,1,0,0,0,0
"785",1,0,0,0,1,0,0,0
"786",1,1,1,1,1,1,1,1
"787",1,0,1,0,1,1,1,0
"788",0,1,1,0,1,1,1,1
"789",0,1,0,0,1,0,1,0
"790",1,0,1,0,0,1,1,0
"791",0,1,1,1,0,1,0,1
"792",1,1,1,1,1,1,1,1
"793",1,1,1,1,1,1,0,1
"794",1,1,1,1,1,0,1,0
"795",1,1,1,0,0,1,1,1
"796",1,1,1,1,1,1,1,1
"797",1,1,1,1,1,1,1,1
"798",1,1,1,1,1,1,1,0
"799",0,1,0,1,1,0,1,0
"800",1,1,1,1,1,1,1,1
"801",1,1,0,0,0,0,0,0
"802",1,0,1,1,1,0,1,1
"803",1,1,1,1,1,1,1,1
"804",1,0,1,0,1,0,1,1
"805",1,1,1,0,0,0,0,0
"806",1,1,0,1,0,1,0,1
"807",1,1,1,0,1,1,1,1
"808",1,0,1,1,1,1,0,1
"809",0,1,1,1,1,1,1,0
"810",1,1,1,1,1,1,1,1
"811",0,1,0,1,1,1,1,0
"812",1,0,1,1,0,0,0,1
"813",1,1,0,0,0,1,1,1
"814",1,0,1,1,0,0,1,1
"815",0,1,0,0,0,1,1,1
"816",0,1,1,0,1,1,1,1
"817",0,1,1,1,0,0,0,0
"818",1,1,1,0,0,1,0,1
"819",1,1,1,0,1,0,1,0
"820",1,1,1,1,1,1,1,1
"821",1,1,1,0,0,0,0,0
"822",1,1,1,0,1,0,1,0
"823",1,1,1,1,1,1,1,1
"824",1,0,0,1,0,1,0,1
"825",0,0,1,1,1,1,1,1
"826",1,1,1,0,1,1,1,0
"827",1,1,1,1,0,1,1,1
"828",0,1,0,1,0,0,0,0
"829",1,1,1,1,1,0,0,1
"830",1,1,0,0,1,0,1,0
"831",0,0,1,0,1,1,0,1
"832",1,0,1,1,1,0,1,1
"833",1,1,1,0,1,1,1,1
"834",1,1,1,1,1,1,1,1
"835",1,1,0,1,1,1,1,1
"836",1,1,1,1,1,1,1,1
"837",1,0,1,1,0,0,0,1
"838",1,1,1,1,0,0,1,1
"839",1,0,1,1,1,1,0,1
"840",1,0,1,0,1,1,0,1
"841",1,1,0,1,0,1,1,0
"842",0,0,0,0,1,1,1,0
"843",1,1,1,1,0,1,1,0
"844",1,0,1,1,1,1,1,0
"845",1,1,0,1,0,0,1,0
"846",1,1,1,1,0,0,1,1
"847",0,1,0,1,0,1,1,1
"848",0,1,0,1,1,0,0,1
"849",1,1,0,1,0,1,1,0
"850",1,1,0,1,1,1,1,0
"851",0,1,0,0,0,1,0,1
"852",0,1,1,1,0,1,1,0
"853",0,0,1,1,0,1,1,1
"854",1,1,1,1,1,0,1,1
"855",1,1,1,0,1,1,1,0
"856",1,0,1,1,1,1,1,1
"857",1,0,1,1,1,1,0,1
"858",0,1,0,1,0,1,1,0
"859",0,1,1,0,0,1,0,1
"860",0,1,1,1,1,1,0,0
"861",0,1,0,0,1,0,1,1
"862",0,0,1,1,0,1,0,0
"863",1,1,0,1,1,0,1,1
"864",1,0,1,1,1,1,1,0
"865",1,1,1,1,1,1,1,1
"866",0,1,1,0,1,1,1,1
"867",1,0,0,0,1,0,1,1
"868",1,0,0,1,1,0,1,0
"869",0,1,1,1,1,1,0,1
"870",1,1,1,1,1,1,1,1
"871",1,0,0,1,0,0,0,0
"872",0,0,1,1,1,1,1,1
"873",0,1,0,0,0,1,1,1
"874",1,1,1,0,1,1,1,1
"875",1,1,0,1,0,1,0,0
"876",1,1,1,1,1,0,1,1
"877",0,1,1,1,0,1,1,0
"878",0,0,0,1,1,0,1,1
"879",1,1,0,1,1,0,0,0
"880",1,1,0,1,1,0,0,0
"881",1,1,0,1,1,0,0,1
"882",1,1,1,0,0,0,1,1
"883",0,1,1,0,1,1,1,1
"884",1,1,1,0,1,1,1,1
"885",1,1,1,0,1,1,0,1
"886",1,1,0,1,0,1,1,0
"887",1,1,0,1,0,1,1,0
"888",0,0,0,1,1,1,1,1
"889",1,1,0,1,1,1,1,1
"890",1,1,1,1,1,1,1,1
"891",1,1,1,1,1,1,1,1
"892",0,0,1,1,0,1,1,1
"893",1,1,1,0,1,1,1,1
"894",1,1,0,1,1,0,1,0
"895",1,0,0,1,0,1,1,1
"896",1,1,1,1,0,0,1,0
"897",1,1,0,0,0,0,0,0
"898",1,1,1,0,1,1,0,0
"899",1,0,1,1,0,1,0,0
"900",0,1,1,1,1,0,0,1
"901",1,1,1,1,1,1,1,1
"902",1,0,0,1,0,0,1,1
"903",0,0,1,0,1,1,0,0
"904",0,1,1,1,1,1,1,0
"905",1,0,0,1,1,1,1,0
"906",0,1,1,0,0,0,0,0
"907",1,1,1,1,1,1,0,1
"908",0,1,1,0,0,1,0,1
"909",0,1,1,1,0,1,1,1
"910",0,1,1,1,0,0,0,1
"911",1,0,1,0,1,1,1,1
"912",1,1,1,1,1,0,0,0
"913",1,0,0,1,0,0,1,0
"914",1,1,1,1,0,1,1,1
"915",1,0,0,1,1,1,1,0
"916",0,1,0,0,0,0,1,1
"917",0,1,1,1,1,1,1,0
"918",1,0,0,0,0,1,0,1
"919",1,1,1,1,1,1,1,1
"920",0,1,1,0,1,0,0,0
"921",1,0,1,1,1,1,0,0
"922",1,1,0,1,1,1,1,0
"923",1,1,1,0,0,1,1,1
"924",1,1,0,0,0,1,1,1
"925",1,1,1,1,1,0,1,0
"926",0,1,1,0,0,1,1,1
"927",0,1,0,1,1,1,1,1
"928",1,1,0,0,0,1,0,1
"929",0,0,0,1,1,1,1,0
"930",1,1,1,1,1,1,0,1
"931",1,0,1,1,1,1,1,1
"932",1,1,1,1,0,1,1,1
"933",1,1,1,0,1,1,1,1
"934",0,1,0,1,1,1,1,1
"935",1,1,1,1,1,1,1,1
"936",1,0,1,0,1,0,1,0
"937",0,1,0,0,1,1,1,1
"938",1,1,1,0,0,0,1,1
"939",1,1,1,1,1,1,1,0
"940",0,1,0,0,0,1,1,0
"941",1,1,0,0,0,1,1,0
"942",0,1,1,0,1,0,1,0
"943",1,1,0,1,1,1,1,1
"944",0,1,1,1,1,0,0,1
"945",1,1,1,1,1,1,1,1
"946",1,1,1,1,1,1,1,1
"947",0,0,0,0,0,0,0,0
"948",0,0,1,1,0,1,1,1
"949",0,1,1,1,1,1,1,1
"950",1,1,1,1,1,1,1,1
"951",1,1,1,1,1,0,1,1
"952",1,1,1,1,1,0,1,1
"953",0,1,0,1,0,1,0,1
"954",0,1,0,0,1,0,1,0
"955",0,1,0,0,0,0,0,0
"956",1,1,1,1,1,0,1,1
"957",1,1,0,1,0,0,1,1
"958",1,0,1,1,1,1,1,0
"959",1,0,1,1,1,0,1,1
"960",1,1,1,1,0,1,1,1
"961",1,1,1,1,1,0,1,1
"962",0,0,0,1,1,0,0,1
"963",0,1,1,0,0,1,0,1
"964",1,1,1,1,1,1,1,1
"965",1,1,1,0,1,1,1,1
"966",1,1,1,1,1,1,1,1
"967",1,1,1,1,1,1,1,1
"968",1,1,1,1,1,0,1,0
"969",1,1,0,1,1,0,0,0
"970",1,0,0,1,1,0,1,0
"971",0,0,1,1,0,0,1,1
"972",1,1,1,1,1,1,1,1
"973",0,0,1,1,1,0,1,1
"974",0,1,1,0,1,1,1,1
"975",1,1,1,0,1,1,0,1
"976",0,0,1,0,1,1,1,1
"977",1,1,1,0,0,1,1,1
"978",1,1,1,1,1,0,0,0
"979",1,0,0,0,1,1,0,1
"980",1,1,0,1,1,1,1,0
"981",0,1,1,1,1,0,0,1
"982",0,1,0,0,0,0,1,1
"983",0,1,0,1,1,1,0,0
"984",1,1,0,0,1,1,1,1
"985",1,1,0,1,1,1,0,1
"986",0,0,1,1,1,0,1,1
"987",1,1,0,0,1,1,0,0
"988",1,1,0,1,1,1,1,0
"989",0,1,0,1,0,1,0,1
"990",1,1,0,1,0,1,0,1
"991",1,1,1,1,1,1,1,1
"992",1,1,1,0,1,1,0,0
"993",1,1,1,0,0,0,0,1
"994",1,1,1,1,1,1,1,0
"995",0,0,1,1,1,1,1,1
"996",0,1,1,1,0,1,0,0
"997",0,1,0,1,1,1,0,1
"998",0,1,1,1,1,0,0,1
"999",1,1,0,0,1,0,0,0
"1000",0,1,0,0,1,1,1,1
"1001",1,1,1,0,1,0,0,0
"1002",0,1,1,0,1,0,0,0
"1003",1,0,1,0,0,0,1,0
"1004",0,1,0,1,0,0,1,1
"1005",1,1,1,0,1,1,1,1
"1006",0,0,0,1,0,0,1,0
"1007",0,0,0,1,0,0,1,0
"1008",1,1,1,1,0,0,1,1
"1009",1,1,1,1,1,1,1,0
"1010",1,0,1,1,1,1,1,1
"1011",1,0,0,0,1,0,0,1
"1012",1,1,0,1,1,1,1,0
"1013",1,0,1,1,1,0,1,1
"1014",1,1,1,1,1,0,0,1
"1015",1,0,0,1,0,1,0,0
"1016",1,0,1,1,1,1,1,0
"1017",0,1,1,1,1,1,0,1
"1018",1,1,1,1,1,1,1,1
"1019",1,1,0,1,1,1,0,1
"1020",1,0,0,1,0,1,1,1
"1021",1,1,1,1,1,1,1,1
"1022",1,1,1,1,0,1,0,0
"1023",0,1,1,1,1,0,1,1
"1024",0,0,0,0,0,0,1,0
"1025",0,1,0,1,0,1,1,1
"1026",1,1,1,0,1,1,1,1
"1027",0,0,1,1,0,0,0,1
"1028",1,0,0,1,1,0,0,0
"1029",1,1,1,1,0,1,1,0
"1030",1,1,1,0,1,1,1,0
"1031",1,1,1,1,1,1,1,1
"1032",1,1,1,0,1,0,1,1
"1033",1,1,0,0,1,1,0,1
"1034",1,0,0,0,0,0,1,1
"1035",0,1,1,1,1,1,1,1
"1036",0,0,1,1,1,1,1,1
"1037",0,1,1,0,0,0,0,1
"1038",1,1,1,0,1,0,0,0
"1039",1,1,0,1,1,1,0,0
"1040",1,0,1,0,1,0,1,0
"1041",0,0,0,1,1,1,0,1
"1042",0,0,0,1,1,1,1,1
"1043",0,1,1,0,1,1,1,1
"1044",1,1,1,1,1,1,1,1
"1045",1,1,1,1,0,0,1,1
"1046",1,1,1,1,0,0,0,1
"1047",1,1,1,1,1,1,0,1
"1048",1,1,1,1,1,1,1,1
"1049",1,0,1,0,0,1,1,1
"1050",1,0,1,1,1,1,1,1
"1051",0,1,0,0,1,0,1,0
"1052",0,1,1,1,0,1,1,1
"1053",0,1,0,0,1,1,0,0
"1054",1,0,1,0,0,1,1,1
"1055",0,1,1,1,0,0,1,1
"1056",1,0,1,0,1,1,0,0
"1057",1,1,1,0,0,1,1,1
"1058",1,1,0,1,1,0,0,1
"1059",1,1,1,1,1,0,1,0
"1060",0,1,0,1,1,1,1,0
"1061",1,0,1,1,1,1,1,1
"1062",1,1,0,0,1,1,0,1
"1063",0,1,0,0,1,1,0,1
"1064",0,0,1,1,0,0,0,1
"1065",1,1,0,0,1,1,1,0
"1066",1,1,0,1,1,0,0,0
"1067",0,1,1,0,1,0,1,0
"1068",1,0,0,1,0,0,0,1
"1069",1,0,0,0,1,1,0,1
"1070",1,1,0,0,1,0,1,0
"1071",1,1,1,1,1,0,0,0
"1072",1,0,0,1,1,0,1,0
"1073",1,1,1,1,0,1,1,1
"1074",0,1,1,0,1,0,1,1
"1075",1,1,0,0,0,0,1,0
"1076",1,0,1,1,1,1,1,0
"1077",1,1,1,0,1,1,0,1
"1078",1,0,0,1,1,1,1,1
"1079",1,1,0,0,1,1,1,1
"1080",1,0,1,1,1,1,1,1
"1081",1,1,1,0,0,0,1,0
"1082",1,1,0,1,1,1,1,1
"1083",1,1,1,1,0,1,0,1
"1084",1,0,0,1,1,0,1,1
"1085",0,1,1,0,0,0,1,0
"1086",0,1,1,1,1,1,1,1
"1087",0,1,0,1,0,1,1,0
"1088",1,1,1,1,1,1,1,1
"1089",0,0,0,0,0,1,0,0
"1090",0,1,1,1,1,1,1,1
"1091",1,0,0,0,0,1,1,1
"1092",0,0,0,0,1,0,0,1
"1093",1,1,1,1,1,1,1,0
"1094",0,0,1,1,1,0,1,0
"1095",1,0,1,1,0,1,0,0
"1096",1,0,1,1,1,1,1,1
"1097",1,1,0,0,1,1,1,1
"1098",1,0,0,1,0,1,1,1
"1099",1,0,1,1,1,1,1,1
"1100",0,1,0,1,0,0,0,1
"1101",1,1,1,1,0,1,1,0
"1102",0,1,1,1,0,0,1,1
"1103",0,1,1,1,1,0,1,1
"1104",1,0,1,1,1,1,0,0
"1105",1,1,1,1,1,1,1,0
"1106",0,0,0,1,1,1,1,0
"1107",1,1,1,1,1,1,1,1
"1108",0,1,1,1,1,1,0,1
"1109",1,1,1,1,1,1,1,1
"1110",1,1,1,1,1,1,1,1
"1111",1,1,1,1,1,1,1,1
"1112",0,0,1,1,1,0,0,0
"1113",1,1,1,1,0,1,0,0
"1114",1,1,1,0,0,0,0,1
"1115",1,0,0,0,0,0,1,1
"1116",1,1,1,0,1,1,1,1
"1117",0,1,1,1,1,1,1,0
"1118",1,1,1,1,1,1,1,1
"1119",0,1,1,0,1,1,1,1
"1120",1,1,0,0,1,1,0,0
"1121",1,0,1,1,1,1,1,1
"1122",1,1,1,1,1,1,1,1
"1123",1,0,0,0,1,1,1,0
"1124",0,1,0,1,0,0,0,0
"1125",0,0,1,1,0,0,1,0
"1126",0,0,1,0,0,0,1,0
"1127",1,1,1,1,1,1,1,1
"1128",0,1,1,1,1,1,1,1
"1129",1,1,1,1,1,0,1,1
"1130",1,1,1,0,1,1,0,1
"1131",1,0,0,1,1,1,1,1
"1132",1,1,1,0,0,0,1,1
"1133",1,0,0,0,1,0,1,0
"1134",1,1,0,1,0,0,1,0
"1135",1,1,1,1,1,1,1,0
"1136",1,1,0,1,1,0,1,0
"1137",1,1,0,1,1,0,1,1
"1138",1,1,1,0,1,0,0,0
"1139",1,1,1,1,1,0,1,1
"1140",1,1,1,1,1,0,1,0
"1141",0,1,0,0,1,1,1,0
"1142",0,0,0,1,1,1,1,0
"1143",0,0,0,1,1,0,1,1
"1144",1,1,1,1,1,1,1,1
"1145",0,0,1,1,0,1,1,1
"1146",1,1,0,0,1,0,1,0
"1147",0,1,1,1,1,1,1,0
"1148",0,1,1,1,0,0,0,1
"1149",1,1,0,0,1,0,0,0
"1150",1,1,0,1,1,1,1,1
"1151",1,0,1,0,0,1,1,1
"1152",0,0,1,0,1,1,1,1
"1153",1,1,0,1,1,0,0,0
"1154",1,1,1,1,0,0,1,1
"1155",0,0,1,1,1,1,0,1
"1156",1,1,1,1,1,0,0,1
"1157",0,1,0,1,1,1,0,0
"1158",1,1,1,1,0,0,0,0
"1159",1,1,1,1,1,1,1,1
"1160",1,1,1,1,0,1,1,1
"1161",1,1,0,1,0,0,0,1
"1162",1,1,0,0,0,0,1,0
"1163",1,0,0,0,1,0,1,1
"1164",1,1,0,1,1,1,1,0
"1165",1,0,1,1,1,1,1,1
"1166",1,0,1,1,0,0,0,0
"1167",1,0,1,1,1,1,1,1
"1168",1,0,0,1,1,1,1,0
"1169",1,1,1,1,0,1,1,1
"1170",0,1,1,1,1,1,1,1
"1171",1,0,1,0,1,0,1,1
"1172",1,1,1,1,1,1,1,1
"1173",1,1,1,0,1,0,1,1
"1174",1,1,1,1,1,1,1,1
"1175",0,1,1,1,1,1,1,1
"1176",1,0,1,1,1,1,1,0
"1177",1,1,1,1,1,1,1,1
"1178",0,1,1,1,0,1,1,1
"1179",1,1,1,1,1,0,0,1
"1180",1,0,1,1,1,1,1,1
"1181",1,1,1,1,1,1,0,1
"1182",1,1,1,0,1,1,0,0
"1183",0,0,1,0,1,1,1,0
"1184",1,0,1,1,0,0,1,1
"1185",0,1,1,1,1,1,1,1
"1186",1,1,1,1,1,1,1,1
"1187",0,1,0,0,0,1,1,1
"1188",1,1,1,0,0,1,1,1
"1189",0,0,0,0,0,1,0,1
"1190",1,1,1,1,1,0,1,1
"1191",1,1,1,1,1,1,0,0
"1192",0,1,1,1,0,1,0,1
"1193",0,1,1,1,1,1,1,1
"1194",1,1,1,1,0,1,1,1
"1195",1,1,1,1,1,1,1,1
"1196",0,1,0,1,1,1,1,0
"1197",1,0,1,1,1,1,1,1
"1198",1,1,1,1,1,1,1,1
"1199",1,1,0,1,1,1,1,0
"1200",1,1,1,1,1,1,1,1
"1201",1,0,1,0,1,1,1,1
"1202",1,1,0,0,1,1,0,1
"1203",1,1,1,1,0,1,1,1
"1204",1,1,0,1,1,1,0,1
"1205",1,0,1,1,1,1,1,0
"1206",0,0,0,0,0,0,1,0
"1207",1,1,0,0,0,1,1,1
"1208",1,1,0,1,1,1,1,1
"1209",1,1,1,0,0,0,1,1
"1210",0,1,1,1,1,1,1,1
"1211",1,1,1,0,0,1,1,1
"1212",1,1,1,1,1,0,1,1
"1213",1,1,1,0,1,1,1,1
"1214",1,1,1,0,1,1,1,0
"1215",1,1,1,1,1,1,1,1
"1216",0,1,0,1,1,0,1,1
"1217",0,1,1,0,1,0,1,1
"1218",1,1,1,0,1,0,1,1
"1219",1,1,0,1,0,1,1,0
"1220",1,1,1,0,1,1,1,1
"1221",1,0,1,1,0,1,1,1
"1222",0,1,1,1,0,1,0,1
"1223",0,0,0,0,0,0,1,0
"1224",1,1,1,1,1,1,1,1
"1225",1,1,0,0,0,1,0,0
"1226",0,1,1,1,0,0,1,1
"1227",0,1,1,0,0,0,1,0
"1228",0,1,0,1,0,0,1,0
"1229",1,1,1,1,1,0,0,1
"1230",1,1,0,1,1,1,0,1
"1231",1,1,1,1,1,1,1,1
"1232",0,1,0,1,1,1,1,1
"1233",1,1,0,1,1,1,0,1
"1234",1,1,1,1,0,1,0,0
"1235",0,1,0,1,1,1,0,1
"1236",0,1,1,1,1,1,1,1
"1237",1,0,1,1,1,1,1,1
"1238",1,0,0,1,1,1,0,1
"1239",0,1,0,1,1,1,1,1
"1240",1,1,1,1,1,1,1,0
"1241",1,1,0,1,1,1,1,0
"1242",0,1,1,1,1,1,1,1
"1243",1,1,0,1,1,1,1,1
"1244",1,0,1,0,0,1,0,1
"1245",0,1,1,0,1,0,1,1
"1246",0,1,1,0,1,1,1,1
"1247",1,1,1,1,1,0,1,1
"1248",1,1,0,1,1,0,1,0
"1249",1,1,1,1,1,0,1,1
"1250",0,1,1,1,1,1,1,1
"1251",0,1,1,0,1,0,1,1
"1252",1,1,1,1,1,1,1,1
"1253",1,0,0,0,1,1,1,1
"1254",0,1,1,1,1,1,0,1
"1255",0,1,1,1,0,1,1,1
"1256",1,0,1,1,1,1,1,1
"1257",1,1,1,1,1,1,1,1
"1258",0,0,0,0,1,0,1,0
"1259",1,1,1,1,1,1,1,1
"1260",1,1,1,1,1,1,1,1
"1261",0,1,0,0,0,0,1,1
"1262",1,1,1,0,1,0,1,1
"1263",1,1,1,1,1,1,1,1
"1264",1,0,1,1,1,1,1,1
"1265",1,0,1,1,1,1,1,1
"1266",1,1,0,1,0,1,1,1
"1267",1,1,0,1,1,1,1,1
"1268",1,1,1,1,1,1,1,1
"1269",1,0,1,1,1,1,1,0
"1270",1,1,1,1,0,1,1,1
"1271",1,1,1,1,0,0,1,0
"1272",1,1,1,1,1,1,1,0
"1273",1,0,1,1,1,1,1,1
"1274",1,0,1,1,1,1,1,1
"1275",1,1,0,1,1,1,1,1
"1276",1,1,1,0,1,1,1,1
"1277",0,1,1,1,1,1,0,1
"1278",1,1,1,0,0,1,1,0
"1279",0,0,1,1,1,1,1,0
"1280",1,1,0,1,1,1,1,1
"1281",1,1,1,0,1,0,1,1
"1282",1,0,1,1,1,1,1,1
"1283",1,0,0,1,1,1,0,1
"1284",0,0,0,1,1,1,0,1
"1285",1,1,1,1,1,1,1,1
"1286",1,1,1,1,1,1,0,1
"1287",1,1,1,1,0,0,1,1
"1288",1,0,1,0,1,1,1,1
"1289",1,0,1,1,1,1,0,1
"1290",1,0,1,0,1,1,1,1
"1291",1,1,1,0,1,1,1,1
"1292",1,1,1,1,1,1,1,1
"1293",1,0,0,1,1,0,1,1
"1294",1,1,1,0,1,1,0,0
"1295",1,1,1,1,1,0,1,1
"1296",1,1,0,1,0,1,0,0
"1297",1,1,0,1,1,1,1,1
"1298",1,1,1,0,1,1,1,0
"1299",1,0,0,1,1,1,1,1
"1300",1,1,1,1,0,1,0,1
"1301",0,0,1,1,1,1,1,1
"1302",1,1,1,1,1,1,1,1
"1303",0,1,1,1,1,0,1,1
"1304",1,1,1,0,1,1,1,1
"1305",1,1,1,1,1,1,0,0
"1306",1,1,1,1,1,0,1,1
"1307",1,1,1,1,1,1,1,0
"1308",1,1,1,1,1,0,1,1
"1309",1,1,1,1,1,1,1,1
"1310",1,1,1,1,1,1,0,0
"1311",1,1,1,0,1,1,1,1
"1312",1,1,1,1,1,1,0,1
"1313",1,1,1,1,0,0,0,1
"1314",1,1,0,0,1,0,1,1
"1315",1,1,1,0,0,1,0,1
"1316",1,1,1,1,1,0,1,1
"1317",1,1,1,1,1,1,1,1
"1318",1,1,1,1,1,1,1,1
"1319",0,1,0,1,1,1,1,1
"1320",0,1,0,1,0,1,1,1
"1321",0,1,1,1,1,1,0,1
"1322",1,1,1,1,1,0,0,0
"1323",1,1,1,1,1,1,1,1
"1324",1,1,1,1,0,1,1,1
"1325",1,1,1,0,1,0,1,1
"1326",0,1,1,0,1,1,0,1
"1327",1,0,1,1,1,1,0,1
"1328",1,1,1,1,1,1,1,1
"1329",0,0,1,0,0,1,0,0
"1330",0,1,1,1,0,0,1,1
"1331",1,1,1,0,0,1,1,1
"1332",1,1,0,0,0,0,0,0
"1333",1,1,1,1,1,1,1,0
"1334",0,0,0,1,1,1,1,0
"1335",1,1,1,1,0,1,0,1
"1336",1,1,0,1,1,0,0,0
"1337",1,1,1,0,1,1,1,0
"1338",1,1,1,0,1,1,1,1
"1339",1,1,1,1,1,1,1,1
"1340",1,1,1,0,1,1,0,1
"1341",1,1,1,0,1,1,0,1
"1342",1,1,1,1,1,0,1,0
"1343",1,0,0,1,1,1,0,1
"1344",1,0,0,1,1,1,0,1
"1345",1,1,0,0,1,1,1,1
"1346",1,1,1,1,1,1,1,1
"1347",1,1,1,1,1,1,1,1
"1348",1,0,1,1,1,1,1,0
"1349",1,1,1,1,1,1,1,1
"1350",1,1,1,0,1,1,1,1
"1351",1,1,1,1,1,1,1,1
"1352",0,1,1,1,1,1,1,1
"1353",1,1,1,1,1,0,1,1
"1354",0,1,1,0,1,1,1,1
"1355",1,1,0,0,1,1,0,1
"1356",1,1,1,1,0,0,0,0
"1357",0,0,0,1,0,1,0,0
"1358",1,0,1,1,1,1,1,1
"1359",1,0,1,1,1,1,0,1
"1360",1,0,0,1,0,0,1,1
"1361",1,1,1,1,1,1,1,1
"1362",1,1,0,1,1,0,1,0
"1363",1,1,1,1,1,1,1,1
"1364",0,1,1,1,0,1,1,1
"1365",1,0,1,0,0,1,0,1
"1366",1,1,1,1,1,1,1,1
"1367",1,1,0,1,1,1,0,1
"1368",0,0,0,1,0,1,1,1
"1369",1,0,1,0,1,1,0,1
"1370",1,0,1,1,0,1,1,0
"1371",0,0,0,1,1,1,0,0
"1372",0,1,1,0,1,1,1,0
"1373",1,1,1,1,1,1,0,1
"1374",0,1,1,0,1,1,1,1
"1375",1,0,1,0,1,1,0,1
"1376",0,1,1,0,1,1,1,0
"1377",0,1,1,1,0,1,0,0
"1378",1,1,1,1,1,1,1,1
"1379",1,0,1,1,1,1,1,1
"1380",1,1,1,0,1,0,1,0
"1381",1,0,0,1,1,1,0,1
"1382",1,1,1,1,1,1,1,1
"1383",1,1,1,1,1,1,1,1
"1384",0,1,1,1,1,1,1,1
"1385",0,1,0,1,1,0,0,1
"1386",1,1,0,1,1,1,0,1
"1387",1,1,1,1,0,1,1,0
"1388",1,0,1,0,0,1,1,1
"1389",0,0,1,1,0,1,0,1
"1390",1,1,1,1,1,1,1,1
"1391",1,1,1,1,1,1,1,1
"1392",1,0,1,1,0,1,1,1
"1393",1,1,1,1,1,1,0,0
"1394",0,0,1,1,1,1,1,1
"1395",0,1,0,1,1,1,0,1
"1396",1,0,0,1,0,0,0,1
"1397",1,0,1,1,1,1,1,1
"1398",1,0,0,1,1,1,1,0
"1399",1,0,1,0,1,0,1,1
"1400",1,1,1,0,0,0,1,1
"1401",0,1,1,1,1,0,0,1
"1402",1,1,1,1,1,1,1,1
"1403",1,1,1,1,1,1,1,1
"1404",1,0,0,1,1,0,0,1
"1405",0,0,1,1,1,0,1,1
"1406",1,0,1,1,1,1,0,0
"1407",1,1,1,0,1,1,0,1
"1408",0,0,1,0,1,0,1,0
"1409",1,1,1,1,0,1,1,1
"1410",1,1,1,1,1,1,1,1
"1411",1,1,0,1,1,1,1,1
"1412",1,0,1,1,1,0,1,1
"1413",0,0,1,1,1,1,1,1
"1414",1,0,0,1,1,1,0,1
"1415",0,0,0,1,0,0,1,1
"1416",1,1,1,1,1,1,0,1
"1417",1,1,1,1,1,1,1,1
"1418",1,0,0,1,0,0,1,0
"1419",1,1,0,1,1,1,1,1
"1420",1,1,0,1,1,1,1,1
"1421",1,1,1,0,0,1,0,1
"1422",1,1,1,1,1,1,1,1
"1423",0,1,1,1,0,0,0,1
"1424",1,1,1,1,1,1,0,1
"1425",0,0,1,0,1,0,0,1
"1426",1,1,0,0,0,0,0,0
"1427",1,1,1,0,1,1,1,0
"1428",1,1,1,1,1,1,1,1
"1429",1,1,0,1,0,0,1,0
"1430",1,1,1,1,1,0,1,1
"1431",1,1,1,1,1,1,1,0
"1432",1,0,0,1,1,0,1,1
"1433",1,1,1,1,0,1,1,1
"1434",1,1,1,1,1,1,1,1
"1435",1,1,1,1,1,0,1,0
"1436",1,1,1,1,1,0,0,0
"1437",1,0,1,1,0,1,1,1
"1438",1,0,0,1,1,1,0,0
"1439",1,1,1,1,1,1,1,1
"1440",1,1,1,1,1,1,1,1
"1441",1,1,0,1,1,1,1,1
"1442",1,1,1,1,1,1,1,1
"1443",1,1,0,0,1,1,1,0
"1444",1,1,0,0,0,1,0,1
"1445",0,0,1,0,0,0,1,1
"1446",1,1,1,0,0,1,0,0
"1447",1,0,1,0,1,1,0,1
"1448",1,0,1,1,1,1,1,1
"1449",1,0,1,1,1,1,1,0
"1450",1,0,0,1,0,0,1,0
"1451",0,1,1,1,1,0,0,0
"1452",1,0,1,1,1,1,1,0
"1453",1,1,0,1,1,1,1,1
"1454",1,0,1,1,1,1,1,1
"1455",1,1,0,1,1,1,0,1
"1456",1,1,1,1,1,1,1,1
"1457",1,1,0,1,1,1,0,1
"1458",1,0,1,1,1,1,1,1
"1459",1,1,1,1,1,1,1,1
"1460",1,1,1,1,1,1,1,1
"1461",1,1,1,0,1,1,1,1
"1462",0,1,1,0,0,0,0,1
"1463",1,1,1,0,1,1,1,0
"1464",0,1,1,1,1,0,1,1
"1465",1,1,1,0,1,1,1,1
"1466",0,1,1,0,1,1,0,1
"1467",1,1,1,1,1,1,0,0
"1468",1,1,0,0,0,0,0,1
"1469",0,1,0,0,1,1,1,1
"1470",1,1,0,1,1,1,1,1
"1471",1,1,1,0,1,1,1,1
"1472",0,0,1,1,1,0,1,0
"1473",0,1,1,1,0,0,0,0
"1474",1,1,1,0,1,1,1,1
"1475",0,1,1,0,1,1,1,1
"1476",1,1,1,1,1,1,1,1
"1477",1,1,0,0,1,0,0,1
"1478",1,1,0,1,0,1,1,1
"1479",1,1,1,0,1,1,1,1
"1480",1,1,1,1,1,1,1,1
"1481",1,1,1,1,1,1,1,1
"1482",1,1,1,1,1,1,1,1
"1483",1,1,1,1,0,1,1,1
"1484",1,1,1,0,0,1,1,1
"1485",0,0,1,1,0,1,1,0
"1486",1,1,1,0,0,1,0,0
"1487",0,1,1,1,1,1,1,1
"1488",1,1,0,1,1,0,0,1
"1489",1,0,1,1,1,1,1,1
"1490",1,0,0,1,1,1,1,1
"1491",1,0,0,0,1,0,1,0
"1492",1,0,1,1,1,1,0,1
"1493",1,0,1,0,1,1,0,1
"1494",1,1,1,1,0,1,1,1
"1495",0,1,0,1,1,1,1,0
"1496",1,0,1,0,0,0,1,1
"1497",1,1,0,0,0,1,1,1
"1498",1,1,1,0,0,0,0,1
"1499",1,1,0,1,1,1,0,0
"1500",0,0,0,1,1,0,1,0
"1501",0,1,1,1,1,1,1,1
"1502",0,1,1,1,0,1,0,1
"1503",1,0,1,1,1,1,1,1
"1504",1,1,1,0,1,1,1,1
"1505",1,0,1,1,1,1,0,1
"1506",0,1,1,1,1,1,1,1
"1507",1,1,1,1,1,1,1,1
"1508",1,1,1,1,1,1,1,1
"1509",0,0,0,1,1,1,1,0
"1510",0,1,1,1,1,1,1,1
"1511",1,0,0,0,1,1,1,0
"1512",1,1,1,0,1,1,1,1
"1513",1,1,1,1,1,1,1,1
"1514",1,1,1,0,0,0,1,1
"1515",1,0,1,1,1,1,1,0
"1516",1,1,1,1,1,1,1,1
"1517",0,1,0,1,0,1,1,0
"1518",1,1,0,1,0,0,1,1
"1519",1,1,1,0,0,0,1,1
"1520",0,1,1,0,1,1,1,0
"1521",0,1,0,1,1,1,1,1
"1522",0,0,0,0,1,1,1,0
"1523",0,1,1,1,1,1,1,1
"1524",1,1,1,1,0,0,1,1
"1525",1,1,1,0,0,1,1,0
"1526",1,0,1,1,1,1,1,1
"1527",1,1,1,1,0,0,0,1
"1528",1,0,1,0,1,1,1,0
"1529",1,1,1,1,1,1,0,1
"1530",1,1,0,1,1,1,1,1
"1531",1,0,1,1,0,1,0,0
"1532",1,1,1,1,1,1,0,1
"1533",1,0,0,1,1,1,0,0
"1534",1,1,1,1,1,1,1,1
"1535",1,1,1,1,0,0,1,0
"1536",0,0,1,0,0,0,1,0
"1537",0,1,0,1,1,1,1,1
"1538",0,0,0,0,1,1,1,0
"1539",1,0,0,1,0,0,1,1
"1540",0,0,0,0,1,1,0,1
"1541",1,0,1,0,1,1,0,1
"1542",1,0,1,0,1,1,1,1
"1543",0,1,0,1,1,1,1,1
"1544",0,0,1,1,0,0,0,1
"1545",1,1,0,0,1,0,0,0
"1546",1,1,1,1,0,0,0,0
"1547",1,1,1,1,0,1,0,1
"1548",0,1,1,0,1,1,1,1
"1549",1,1,1,0,1,1,0,0
"1550",1,1,1,1,1,1,1,1
"1551",1,1,1,0,1,1,1,1
"1552",1,1,1,0,0,1,0,1
"1553",1,1,1,1,1,0,1,1
"1554",0,0,0,0,0,1,0,1
"1555",1,0,1,1,0,1,1,0
"1556",0,1,1,1,0,1,0,1
"1557",1,1,1,1,1,1,1,0
"1558",1,1,0,1,1,1,1,1
"1559",1,1,0,1,1,1,1,1
"1560",1,1,1,1,1,0,1,1
"1561",1,1,1,1,1,1,1,1
"1562",0,1,0,1,0,1,1,1
"1563",1,1,0,0,0,0,1,0
"1564",1,0,1,0,1,1,1,1
"1565",1,0,0,1,0,1,0,1
"1566",1,1,1,1,1,1,1,1
"1567",0,1,1,1,1,0,1,1
"1568",1,0,1,1,1,1,1,0
"1569",0,1,0,0,1,0,0,1
"1570",1,1,0,1,1,0,0,1
"1571",1,1,1,1,1,0,1,1
"1572",1,1,1,1,1,0,1,0
"1573",1,0,0,0,0,0,0,1
"1574",1,1,0,1,1,1,0,1
"1575",1,0,0,1,0,0,0,1
"1576",0,1,0,1,1,0,0,1
"1577",1,1,0,1,0,1,1,1
"1578",1,0,1,0,0,0,1,0
"1579",1,1,0,1,0,1,1,0
"1580",0,1,1,1,1,1,1,1
"1581",1,1,0,1,1,1,1,1
"1582",0,1,0,0,1,1,0,1
"1583",0,1,1,1,0,0,1,0
"1584",1,1,1,1,0,1,1,1
"1585",1,0,1,1,1,1,1,1
"1586",1,1,1,1,0,1,1,0
"1587",1,1,1,0,1,1,0,1
"1588",0,0,0,1,0,1,1,0
"1589",0,1,1,1,0,0,1,1
"1590",1,0,0,0,1,0,0,0
"1591",1,0,1,1,1,1,0,0
"1592",1,0,0,1,1,1,0,0
"1593",0,1,0,1,1,1,0,0
"1594",1,0,0,1,0,0,0,1
"1595",0,0,1,1,1,1,1,1
"1596",0,1,1,0,0,1,0,1
"1597",1,1,0,1,0,0,0,0
"1598",0,1,1,1,0,0,1,1
"1599",1,1,0,0,0,1,1,1
"1600",1,1,1,1,1,1,1,1
"1601",1,1,1,1,1,1,1,1
"1602",0,1,1,0,1,1,1,1
"1603",1,0,1,1,0,0,0,1
"1604",1,1,0,0,1,1,1,0
"1605",1,0,1,1,0,1,1,1
"1606",1,1,1,1,1,1,1,1
"1607",1,1,1,1,1,1,1,1
"1608",1,0,1,1,1,1,1,1
"1609",1,0,0,1,0,1,1,1
"1610",1,0,1,1,0,1,0,0
"1611",0,1,0,1,0,1,0,1
"1612",1,0,1,1,1,1,1,0
"1613",1,0,1,1,1,0,0,1
"1614",0,1,1,0,1,1,1,0
"1615",1,1,1,1,1,1,1,1
"1616",0,0,0,0,0,0,1,0
"1617",0,1,0,1,1,1,1,0
"1618",1,1,1,0,1,0,0,1
"1619",1,0,0,1,1,1,1,0
"1620",1,1,0,1,1,0,1,1
"1621",0,0,1,0,1,1,0,1
"1622",0,0,0,1,0,0,0,1
"1623",0,0,0,0,1,1,1,0
"1624",1,1,0,1,0,0,0,1
"1625",0,1,0,0,0,1,1,0
"1626",1,0,1,0,1,0,1,1
"1627",0,1,0,0,0,0,1,0
"1628",1,1,1,1,1,1,0,0
"1629",0,0,1,1,1,1,0,1
"1630",1,1,1,0,1,1,0,0
"1631",0,0,1,0,1,1,1,1
"1632",1,1,1,1,1,1,1,1
"1633",0,1,1,1,1,1,1,1
"1634",1,1,1,1,1,1,1,1
"1635",1,1,1,0,1,0,1,1
"1636",0,1,1,0,1,1,1,1
"1637",1,1,1,0,0,1,1,0
"1638",1,1,1,1,1,1,1,1
"1639",1,0,1,1,1,1,1,1
"1640",1,1,1,0,1,1,0,0
"1641",1,1,1,0,1,1,0,0
"1642",1,1,1,1,1,1,1,1
"1643",1,1,1,0,0,1,0,1
"1644",0,0,1,0,1,1,1,0
"1645",0,1,0,1,1,1,1,1
"1646",1,1,1,1,1,1,1,0
"1647",0,1,0,1,0,1,1,1
"1648",0,1,1,1,1,1,1,1
"1649",1,1,0,1,0,0,0,1
"1650",1,1,0,0,1,1,1,1
"1651",1,0,1,0,0,1,0,1
"1652",0,0,1,0,0,0,0,0
"1653",1,1,1,1,1,1,1,1
"1654",0,0,0,0,0,0,0,1
"1655",1,1,1,1,1,1,1,1
"1656",1,1,1,1,1,1,1,1
"1657",0,1,1,1,1,1,0,1
"1658",0,0,1,1,1,1,1,1
"1659",1,1,1,0,1,1,0,1
"1660",0,0,1,1,1,0,0,1
"1661",1,0,1,1,0,1,0,1
"1662",0,1,1,0,1,1,1,1
"1663",0,1,1,0,0,0,1,0
"1664",1,1,0,1,1,1,1,1
"1665",1,0,0,0,1,1,1,1
"1666",1,0,1,0,1,1,0,1
"1667",1,0,1,1,1,1,0,0
"1668",1,1,0,1,0,1,1,1
"1669",1,0,1,1,1,0,1,1
"1670",1,0,1,0,1,1,1,0
"1671",1,1,1,0,0,1,1,0
"1672",1,1,0,1,1,0,1,0
"1673",1,1,0,1,1,1,1,0
"1674",0,1,0,0,0,1,1,1
"1675",1,1,1,1,1,0,1,1
"1676",1,1,1,1,1,1,1,1
"1677",1,0,1,1,0,1,0,0
"1678",0,1,0,1,1,0,1,1
"1679",1,1,0,0,1,1,1,1
"1680",1,1,0,1,0,1,1,1
"1681",0,1,1,1,0,1,0,1
"1682",1,0,1,1,0,1,1,1
"1683",1,0,1,0,1,1,1,1
"1684",1,0,1,1,1,0,1,1
"1685",1,1,1,1,1,1,1,1
"1686",1,1,1,1,1,1,1,1
"1687",1,0,1,1,1,1,1,0
"1688",1,1,1,1,1,1,0,0
"1689",1,1,0,1,1,1,1,1
"1690",1,0,0,0,1,0,1,0
"1691",1,0,0,1,0,1,1,1
"1692",1,1,1,1,1,1,1,1
"1693",1,1,1,0,1,1,1,1
"1694",1,1,1,1,1,1,1,1
"1695",1,0,1,1,1,0,1,0
"1696",1,1,1,0,1,0,0,0
"1697",1,1,1,1,0,1,1,0
"1698",1,1,1,1,1,0,1,0
"1699",0,1,0,0,0,0,0,1
"1700",1,0,1,0,1,0,1,0
"1701",1,1,0,0,0,0,1,0
"1702",0,0,0,1,0,1,0,0
"1703",1,1,1,0,1,1,1,1
"1704",1,1,0,0,0,0,1,0
"1705",1,1,0,1,1,0,0,1
"1706",0,1,0,1,1,1,1,1
"1707",1,1,1,1,1,1,1,1
"1708",1,0,1,1,1,1,1,1
"1709",1,1,0,1,0,0,1,0
"1710",0,0,1,0,0,0,0,1
"1711",0,1,0,0,1,1,1,0
"1712",1,1,1,1,0,0,1,1
"1713",1,0,1,0,1,0,0,1
"1714",1,1,1,0,1,1,1,1
"1715",1,1,1,1,1,1,1,1
"1716",1,1,1,1,0,1,1,1
"1717",1,0,0,1,1,0,0,0
"1718",1,1,1,1,1,1,1,1
"1719",1,1,1,1,1,1,1,0
"1720",1,1,1,1,1,1,1,1
"1721",1,1,1,1,1,1,1,1
"1722",1,0,1,1,1,0,0,1
"1723",1,1,1,1,1,1,1,1
"1724",0,1,1,1,1,1,1,1
"1725",1,1,1,1,1,1,0,1
"1726",1,1,1,1,0,1,1,1
"1727",1,1,1,1,1,1,1,1
"1728",1,1,1,1,1,1,1,0
"1729",0,0,0,1,1,1,1,0
"1730",1,1,1,0,1,1,1,1
"1731",1,1,0,1,1,0,1,1
"1732",0,1,1,1,1,1,1,1
"1733",0,0,1,0,1,1,0,0
"1734",1,1,1,1,0,0,1,1
"1735",0,1,1,0,1,0,0,0
"1736",0,1,1,1,1,0,0,1
"1737",1,0,1,1,1,1,1,1
"1738",0,1,1,1,0,0,1,0
"1739",1,0,1,1,1,0,1,1
"1740",1,1,1,0,0,0,1,1
"1741",1,1,1,1,1,1,1,1
"1742",0,0,0,0,1,1,0,0
"1743",1,1,1,1,1,1,1,1
"1744",1,1,1,1,1,1,1,1
"1745",1,1,1,1,1,1,0,1
"1746",1,1,1,1,1,0,1,0
"1747",0,0,0,0,1,0,1,1
"1748",1,1,1,0,1,0,1,0
"1749",1,1,1,1,0,0,0,1
"1750",0,0,0,1,1,1,0,1
"1751",0,1,1,1,1,1,1,0
"1752",1,0,0,1,0,1,1,0
"1753",0,0,1,1,1,1,1,0
"1754",1,1,1,1,0,0,1,1
"1755",1,1,1,1,1,1,1,1
"1756",1,1,1,1,0,1,1,1
"1757",1,1,0,1,1,1,1,1
"1758",1,1,1,0,1,1,0,1
"1759",1,1,0,1,0,0,1,1
"1760",0,1,1,1,0,0,0,0
"1761",1,1,0,1,0,1,0,1
"1762",0,1,0,0,1,1,1,0
"1763",1,1,1,1,1,1,1,1
"1764",1,1,0,1,0,1,1,1
"1765",1,1,1,1,0,1,0,1
"1766",1,1,1,1,0,1,0,1
"1767",1,1,1,1,1,1,1,1
"1768",1,1,1,0,1,1,0,0
"1769",0,0,0,1,0,1,0,1
"1770",1,1,1,0,1,1,0,1
"1771",1,1,0,1,1,1,0,0
"1772",0,1,0,0,0,0,1,0
"1773",1,1,1,0,0,1,1,1
"1774",1,0,0,0,0,1,1,1
"1775",1,0,0,0,1,1,0,1
"1776",1,0,1,1,1,1,1,0
"1777",1,1,1,1,1,1,0,0
"1778",0,1,1,1,0,1,0,1
"1779",1,1,1,0,0,0,1,0
"1780",1,1,1,1,0,0,1,1
"1781",0,0,0,1,0,0,1,1
"1782",1,1,1,0,1,1,1,1
"1783",1,1,0,1,1,0,1,1
"1784",0,1,1,1,1,1,0,0
"1785",1,1,0,0,1,1,1,0
"1786",1,1,1,1,1,1,1,1
"1787",1,1,1,0,1,1,1,1
"1788",1,0,1,1,1,1,1,1
"1789",1,1,1,0,1,1,0,1
"1790",1,1,1,1,1,0,1,1
"1791",1,1,0,0,1,1,0,1
"1792",1,1,0,1,0,0,0,0
"1793",1,1,1,0,0,1,1,0
"1794",1,0,0,0,1,0,0,0
"1795",1,1,1,1,0,1,1,1
"1796",1,0,0,0,0,0,0,0
"1797",0,1,1,1,1,0,0,0
"1798",0,1,1,0,1,1,1,1
"1799",1,1,1,0,0,0,0,1
"1800",0,1,1,0,1,1,1,1
"1801",1,1,1,0,1,0,0,1
"1802",0,1,0,1,1,0,1,0
"1803",1,1,0,1,1,1,1,0
"1804",1,0,0,0,1,0,1,0
"1805",0,1,0,1,1,1,0,1
"1806",1,0,1,0,0,0,1,1
"1807",1,0,0,1,0,0,0,0
"1808",1,1,1,1,0,1,0,1
"1809",1,1,0,1,1,0,1,1
"1810",0,0,1,0,1,1,1,1
"1811",0,1,0,1,0,1,0,0
"1812",0,0,1,0,0,1,1,1
"1813",1,0,0,0,0,0,1,1
"1814",1,1,1,1,1,0,1,1
"1815",1,1,1,1,1,1,1,1
"1816",1,1,0,1,1,0,1,1
"1817",1,1,1,1,1,1,1,0
"1818",1,1,0,1,1,1,0,1
"1819",1,1,1,1,1,1,1,1
"1820",1,1,1,0,0,0,0,1
"1821",1,1,1,1,1,1,1,1
"1822",1,1,1,1,1,1,1,1
"1823",1,0,1,1,1,1,1,0
"1824",1,0,0,1,0,1,1,1
"1825",0,0,1,1,0,0,0,1
"1826",1,1,1,1,1,1,1,1
"1827",1,1,0,1,1,1,1,1
"1828",0,0,1,1,1,1,1,0
"1829",0,0,1,1,1,1,1,1
"1830",0,0,0,1,1,1,1,0
"1831",1,1,0,1,1,1,1,1
"1832",0,0,1,0,0,1,0,0
"1833",1,1,1,1,1,1,1,1
"1834",0,1,0,1,1,1,1,0
"1835",0,1,0,1,1,1,1,0
"1836",1,1,1,1,1,1,1,1
"1837",1,1,0,1,1,1,0,1
"1838",0,0,0,0,1,0,0,1
"1839",0,1,1,0,1,1,1,0
"1840",1,1,0,1,1,1,1,1
"1841",1,0,1,1,1,1,0,1
"1842",0,1,0,0,0,1,1,1
"1843",1,1,0,1,0,0,0,0
"1844",1,0,1,1,1,1,1,0
"1845",1,0,1,1,1,1,1,1
"1846",0,0,0,0,1,1,0,0
"1847",0,1,1,0,1,1,0,1
"1848",0,0,1,0,0,1,1,0
"1849",1,1,1,1,1,1,0,1
"1850",1,1,1,0,1,1,1,1
"1851",1,1,0,1,0,1,0,1
"1852",1,0,1,1,0,1,1,0
"1853",1,1,1,1,1,1,1,1
"1854",1,1,1,1,1,1,0,0
"1855",0,1,1,0,0,1,1,1
"1856",1,1,1,1,1,0,1,1
"1857",1,1,1,1,1,1,1,1
"1858",1,1,1,1,1,0,1,1
"1859",0,1,1,0,1,1,1,1
"1860",1,1,1,1,0,1,0,1
"1861",1,1,1,1,1,0,1,1
"1862",1,0,1,1,1,1,1,1
"1863",0,0,1,1,0,1,1,1
"1864",0,0,1,1,1,1,0,0
"1865",1,1,1,1,1,1,1,1
"1866",0,1,1,1,0,0,1,0
"1867",1,1,1,1,0,1,0,0
"1868",0,0,0,0,0,1,1,0
"1869",1,1,1,1,1,1,1,1
"1870",0,1,1,0,0,1,1,1
"1871",0,0,1,0,1,1,1,0
"1872",1,1,1,1,1,1,1,1
"1873",1,1,1,1,1,1,1,1
"1874",1,1,1,1,1,1,1,1
"1875",1,1,1,0,0,1,1,0
"1876",1,1,0,1,1,0,1,1
"1877",1,1,1,0,1,1,1,1
"1878",1,1,1,1,1,1,1,1
"1879",1,1,1,1,1,0,0,1
"1880",0,0,1,1,0,1,0,1
"1881",0,0,0,1,0,0,0,0
"1882",1,1,0,1,1,1,1,0
"1883",0,0,0,0,1,0,1,1
"1884",1,0,1,1,1,1,1,1
"1885",0,1,1,1,1,1,0,0
"1886",1,1,1,1,1,1,1,1
"1887",1,1,1,1,1,0,1,1
"1888",1,1,1,1,1,0,1,1
"1889",1,0,1,0,1,0,1,1
"1890",1,1,0,1,1,1,1,1
"1891",1,0,1,1,0,0,1,1
"1892",0,1,1,0,0,1,0,1
"1893",0,0,0,1,0,1,0,0
"1894",1,0,1,1,1,1,0,1
"1895",1,1,1,1,1,0,1,1
"1896",1,1,1,0,1,0,0,0
"1897",0,1,0,1,1,0,1,1
"1898",1,0,1,1,1,1,1,1
"1899",1,0,1,1,1,0,0,0
"1900",0,0,0,1,1,1,1,0
"1901",1,0,1,1,1,1,1,1
"1902",1,0,1,1,1,1,0,0
"1903",1,1,1,0,0,0,1,1
"1904",1,0,0,0,0,0,0,1
"1905",0,0,1,1,1,1,0,0
"1906",1,0,0,1,1,1,1,0
"1907",1,0,1,0,1,0,1,1
"1908",1,1,0,1,1,0,0,1
"1909",1,1,1,1,1,1,1,1
"1910",0,0,0,1,1,1,1,1
"1911",1,0,1,1,1,0,1,1
"1912",0,0,1,0,0,1,0,1
"1913",1,1,1,1,1,1,1,1
"1914",0,1,0,1,1,1,1,0
"1915",1,1,1,1,1,1,0,1
"1916",1,0,0,1,1,1,0,1
"1917",0,1,0,0,1,1,1,1
"1918",1,1,1,0,1,1,0,0
"1919",1,1,1,1,1,1,1,1
"1920",1,1,0,1,1,1,0,1
"1921",0,1,0,1,0,1,1,1
"1922",0,1,0,1,0,1,1,0
"1923",0,1,1,0,1,0,1,1
"1924",1,1,0,0,1,1,1,1
"1925",1,1,1,1,0,0,0,1
"1926",0,1,1,1,1,1,0,1
"1927",0,0,0,0,0,0,0,0
"1928",0,0,1,1,1,1,1,1
"1929",1,1,1,0,1,1,1,1
"1930",1,1,0,0,1,0,1,0
"1931",1,1,1,1,1,1,1,1
"1932",1,1,1,1,0,1,0,1
"1933",1,0,0,0,1,0,1,0
"1934",1,1,1,1,0,1,0,1
"1935",1,0,1,1,1,1,0,1
"1936",1,1,1,1,1,1,1,0
"1937",1,0,0,1,1,1,0,0
"1938",0,1,1,1,1,0,0,1
"1939",0,1,1,1,0,0,1,1
"1940",1,1,1,1,0,1,1,1
"1941",1,1,0,1,1,1,1,1
"1942",0,0,1,1,1,1,0,1
"1943",1,1,1,1,0,1,0,1
"1944",1,0,1,1,1,1,1,1
"1945",1,1,1,1,1,1,0,1
"1946",1,1,1,1,1,1,1,1
"1947",1,0,0,0,1,1,0,0
"1948",1,1,1,1,1,1,1,1
"1949",1,0,1,0,1,1,1,1
"1950",0,1,0,1,1,1,1,1
"1951",1,1,0,1,1,0,1,1
"1952",1,1,1,1,1,1,0,1
"1953",0,0,1,0,0,0,1,1
"1954",1,1,1,0,1,1,1,1
"1955",0,1,0,0,1,1,1,1
"1956",0,1,1,0,0,1,1,1
"1957",0,0,0,1,0,0,0,1
"1958",1,1,1,0,1,1,1,1
"1959",0,1,1,1,0,0,0,0
"1960",0,0,0,0,1,0,0,0
"1961",1,1,0,0,1,1,0,1
"1962",1,1,0,1,1,1,0,1
"1963",0,1,0,1,1,1,0,1
"1964",1,1,1,1,0,1,1,1
"1965",1,1,1,1,1,1,1,0
"1966",1,1,1,0,1,1,1,0
"1967",1,1,1,0,0,0,0,0
"1968",0,0,1,0,0,0,0,0
"1969",1,1,1,0,0,1,1,1
"1970",1,0,1,1,1,1,0,0
"1971",1,1,1,0,1,1,1,1
"1972",1,1,1,1,0,0,0,0
"1973",1,1,1,1,1,1,1,1
"1974",1,1,1,1,1,1,0,1
"1975",1,0,1,1,1,1,1,1
"1976",1,1,1,1,1,1,1,1
"1977",1,1,1,1,1,1,0,1
"1978",1,1,1,0,0,1,0,1
"1979",1,1,1,1,1,0,1,1
"1980",0,1,1,1,1,1,0,0
"1981",0,1,1,1,0,0,1,1
"1982",0,1,1,0,1,1,1,1
"1983",0,1,1,0,1,1,1,1
"1984",1,1,1,0,0,0,1,0
"1985",1,1,1,1,1,0,0,1
"1986",1,1,1,1,1,1,1,1
"1987",1,1,0,1,1,1,1,1
"1988",1,1,1,1,1,1,1,1
"1989",0,1,1,0,1,1,1,1
"1990",1,0,1,0,1,1,1,1
"1991",1,1,1,1,1,1,1,1
"1992",1,1,1,1,1,1,1,1
"1993",1,0,0,0,0,0,1,0
"1994",1,0,1,1,1,1,1,1
"1995",0,1,1,1,1,1,1,1
"1996",1,1,1,1,1,1,1,1
"1997",1,1,0,1,0,1,1,1
"1998",0,0,0,1,1,1,1,1
"1999",0,1,1,1,0,1,1,1
"2000",0,1,1,1,1,1,1,1
"2001",0,0,0,1,1,1,1,1
"2002",1,1,1,1,1,1,1,1
"2003",1,0,1,1,1,1,1,1
"2004",1,1,1,1,1,1,1,1
"2005",1,1,0,1,0,0,1,0
"2006",0,0,1,1,0,0,1,1
"2007",1,0,1,1,1,0,1,0
"2008",1,1,1,0,0,0,0,0
"2009",1,0,1,0,1,1,1,0
"2010",1,1,0,1,1,0,1,0
"2011",0,1,1,1,1,1,1,1
"2012",1,0,0,1,0,0,1,0
"2013",1,0,0,1,1,1,0,0
"2014",1,0,1,0,0,1,1,1
"2015",1,1,1,1,0,1,1,1
"2016",1,1,1,1,1,1,1,1
"2017",1,1,1,0,1,1,1,1
"2018",1,1,0,0,1,1,1,1
"2019",0,1,1,1,0,1,1,0
"2020",0,1,1,1,1,1,0,1
"2021",1,1,1,1,0,1,1,1
"2022",1,1,1,1,1,1,1,0
"2023",1,1,0,0,0,1,1,0
"2024",1,1,1,1,1,1,1,1
"2025",0,1,0,1,1,1,1,1
"2026",1,0,1,0,1,0,1,0
"2027",1,1,1,1,1,1,1,1
"2028",1,1,1,1,1,0,1,0
"2029",0,0,0,0,1,1,1,1
"2030",1,1,1,1,1,1,1,1
"2031",1,0,1,1,1,1,1,1
"2032",1,1,0,1,1,1,1,1
"2033",1,1,1,1,1,1,1,1
"2034",1,0,1,0,1,1,1,1
"2035",1,1,1,0,1,1,1,1
"2036",0,0,0,0,1,0,1,1
"2037",1,1,1,1,1,1,0,1
"2038",1,1,0,1,1,1,1,0
"2039",0,1,0,1,1,1,1,0
"2040",0,1,0,1,0,0,0,1
"2041",0,0,1,1,0,0,0,1
"2042",1,1,1,1,1,1,1,1
"2043",1,0,0,1,1,0,1,0
"2044",1,0,1,0,1,1,1,1
"2045",1,1,1,1,1,1,1,1
"2046",1,1,1,0,0,1,1,1
"2047",1,1,1,1,1,1,1,1
"2048",0,1,1,1,1,0,1,1
"2049",1,1,1,1,1,1,1,1
"2050",0,0,1,1,1,1,0,0
"2051",1,1,1,1,1,1,1,1
"2052",1,0,1,1,1,1,0,1
"2053",1,1,0,0,1,1,1,1
"2054",0,1,1,0,1,0,1,1
"2055",1,0,1,1,0,0,1,1
"2056",0,0,1,0,0,0,1,0
"2057",0,0,1,1,1,1,1,0
"2058",1,0,1,0,1,0,1,0
"2059",1,0,1,1,1,1,1,1
"2060",0,1,1,0,1,1,1,1
"2061",1,1,1,0,1,1,1,1
"2062",1,1,0,1,1,1,0,1
"2063",1,1,1,1,0,1,1,1
"2064",1,1,1,1,1,1,1,0
"2065",0,1,0,1,0,1,0,0
"2066",0,0,0,1,0,1,1,1
"2067",1,1,1,1,1,1,1,0
"2068",1,1,1,1,1,1,1,1
"2069",0,1,1,1,1,0,1,1
"2070",1,1,1,1,0,1,1,1
"2071",1,1,1,0,1,0,1,1
"2072",0,1,1,0,0,0,0,1
"2073",1,1,1,0,1,1,1,1
"2074",1,0,1,1,1,1,1,0
"2075",1,1,0,0,1,0,1,0
"2076",0,0,0,1,0,0,0,1
"2077",1,1,1,0,1,1,0,1
"2078",0,0,0,0,0,0,0,0
"2079",1,1,1,1,0,1,1,1
"2080",1,0,1,0,0,1,1,0
"2081",1,0,0,1,1,1,1,1
"2082",1,1,0,1,1,0,1,1
"2083",1,1,1,1,0,1,1,1
"2084",0,1,1,0,0,0,0,0
"2085",0,1,1,0,0,1,1,1
"2086",1,0,1,1,0,1,1,1
"2087",1,1,0,1,0,0,1,1
"2088",0,1,1,1,1,0,1,1
"2089",1,1,0,0,1,1,1,0
"2090",1,1,1,1,1,1,1,1
"2091",1,1,1,1,1,1,1,0
"2092",0,1,1,1,0,0,1,1
"2093",1,0,1,0,1,0,1,0
"2094",0,1,1,0,1,0,1,1
"2095",1,1,1,0,0,1,1,1
"2096",1,1,1,1,0,1,1,1
"2097",1,1,1,1,1,0,0,1
"2098",0,0,1,1,0,1,1,1
"2099",0,1,0,0,0,0,1,1
"2100",1,1,1,1,0,0,0,0
"2101",0,1,1,0,0,1,0,0
"2102",0,1,1,1,1,1,1,1
"2103",1,0,1,1,1,1,1,0
"2104",1,1,0,0,1,1,1,1
"2105",0,1,0,1,1,1,1,1
"2106",1,1,0,0,1,1,1,0
"2107",1,1,0,1,1,0,0,0
"2108",1,0,0,1,1,1,0,0
"2109",1,1,0,1,1,1,1,1
"2110",1,0,1,0,1,1,1,1
"2111",1,1,1,1,1,1,1,1
"2112",1,1,1,1,1,1,0,1
"2113",1,0,0,1,1,1,1,1
"2114",0,1,1,1,0,1,0,1
"2115",1,1,0,1,1,0,1,0
"2116",1,1,1,1,1,1,1,0
"2117",1,1,1,1,1,0,1,1
"2118",1,1,1,1,1,1,1,1
"2119",1,1,1,0,1,1,1,1
"2120",1,1,1,1,0,1,0,1
"2121",1,1,0,1,1,0,1,1
"2122",1,0,1,0,0,1,1,1
"2123",0,1,1,1,1,1,1,0
"2124",0,1,0,1,1,0,1,1
"2125",1,1,1,0,1,1,0,1
"2126",1,1,1,1,1,1,1,1
"2127",1,1,1,0,1,1,1,1
"2128",0,0,1,1,1,1,1,1
"2129",1,1,0,1,0,1,1,0
"2130",0,1,1,0,1,0,0,1
"2131",1,0,0,1,1,0,1,1
"2132",1,0,0,0,0,0,0,0
"2133",1,0,1,1,1,0,0,0
"2134",1,1,1,1,1,0,0,0
"2135",1,1,1,1,1,1,0,1
"2136",1,1,1,0,1,1,1,1
"2137",1,1,1,1,0,0,0,1
"2138",0,1,1,0,1,0,1,1
"2139",1,1,0,1,1,0,1,0
"2140",1,1,1,1,1,1,0,1
"2141",0,1,0,0,1,1,1,1
"2142",0,1,0,1,0,1,1,1
"2143",1,1,0,0,1,1,1,1
"2144",1,1,0,1,0,0,0,1
"2145",1,0,1,1,0,0,1,1
"2146",0,1,1,1,0,0,1,1
"2147",1,1,1,1,1,1,1,1
"2148",1,1,0,0,0,0,1,1
"2149",0,0,0,1,0,0,0,0
"2150",1,1,1,0,1,1,1,1
"2151",1,0,1,1,1,1,0,0
"2152",1,0,0,1,0,1,1,0
"2153",1,1,1,1,1,1,1,1
"2154",1,1,1,0,1,1,0,0
"2155",1,0,1,1,0,1,1,1
"2156",1,1,0,1,1,1,0,1
"2157",1,1,0,0,1,1,1,1
"2158",1,0,0,0,1,0,1,0
"2159",0,0,0,0,1,1,1,0
"2160",0,1,1,1,0,1,1,1
"2161",1,0,1,1,1,0,0,0
"2162",1,0,1,0,1,1,1,0
"2163",0,1,1,1,1,1,1,1
"2164",1,1,1,1,1,1,1,1
"2165",1,1,1,1,1,1,1,0
"2166",1,1,1,1,1,1,1,0
"2167",1,1,0,1,1,1,1,1
"2168",0,1,1,0,1,1,1,0
"2169",1,1,1,1,1,0,1,1
"2170",0,0,1,1,0,1,0,1
"2171",1,1,1,1,1,1,1,1
"2172",1,1,1,1,1,1,1,1
"2173",1,1,1,1,1,1,1,1
"2174",1,0,1,1,1,1,1,1
"2175",1,0,1,1,1,1,1,1
"2176",1,1,1,1,1,1,1,0
"2177",0,0,1,0,1,1,1,1
"2178",1,1,1,1,0,1,1,1
"2179",1,1,1,1,0,1,1,0
"2180",1,1,1,1,0,1,1,0
"2181",1,1,1,0,1,1,1,1
"2182",0,1,1,1,1,1,0,1
"2183",1,1,0,1,1,1,1,1
"2184",1,1,1,1,1,1,1,1
"2185",1,1,1,1,1,1,1,1
"2186",1,1,1,1,1,1,1,1
"2187",1,1,1,1,1,1,1,1
"2188",0,1,1,0,1,1,1,1
"2189",1,1,1,1,0,1,0,1
"2190",1,1,1,1,0,1,1,0
"2191",1,1,1,1,0,0,1,1
"2192",1,1,1,1,1,1,1,1
"2193",0,1,1,0,1,1,1,1
"2194",1,0,1,1,1,1,0,1
"2195",1,0,1,1,1,0,1,1
"2196",1,1,0,0,0,1,1,0
"2197",1,1,0,0,1,0,0,0
"2198",1,0,1,0,1,1,1,1
"2199",1,0,1,0,1,0,1,0
"2200",1,0,1,0,0,0,0,0
"2201",0,1,0,1,1,1,1,1
"2202",1,1,1,0,0,0,1,0
"2203",0,1,1,1,0,0,1,0
"2204",1,0,1,0,1,1,1,0
"2205",0,1,1,0,0,1,1,1
"2206",1,1,1,1,1,1,1,1
"2207",0,0,1,1,1,1,1,1
"2208",1,1,0,1,1,1,0,0
"2209",0,0,0,1,0,1,0,1
"2210",1,1,1,1,1,1,1,1
"2211",1,0,0,1,1,0,1,1
"2212",0,1,1,0,0,1,0,0
"2213",1,1,1,1,1,0,1,1
"2214",1,1,0,1,0,0,0,1
"2215",1,1,1,1,0,1,0,0
"2216",0,0,1,1,1,1,1,0
"2217",1,1,1,1,1,1,1,1
"2218",1,1,1,0,1,1,0,1
"2219",1,1,1,1,0,1,1,1
"2220",1,1,1,0,0,0,0,1
"2221",1,0,0,1,1,1,0,0
"2222",1,1,1,0,1,1,1,1
"2223",0,1,1,1,1,1,1,0
"2224",1,1,1,1,1,1,1,1
"2225",0,1,1,0,1,1,1,1
"2226",0,0,1,0,1,1,1,1
"2227",0,0,1,1,1,0,1,1
"2228",1,1,1,0,1,0,1,0
"2229",1,1,1,0,0,0,0,1
"2230",1,1,1,1,0,1,1,1
"2231",0,1,1,1,0,0,0,1
"2232",0,1,1,1,1,1,1,1
"2233",1,1,0,0,0,0,1,1
"2234",0,1,1,1,1,1,0,1
"2235",1,1,1,1,1,1,0,1
"2236",0,0,0,1,0,1,1,1
"2237",1,1,0,1,1,0,1,1
"2238",1,1,0,1,1,0,0,0
"2239",1,0,1,1,1,1,1,1
"2240",1,0,1,0,1,1,0,0
"2241",0,1,1,0,1,0,0,1
"2242",1,1,1,1,1,0,1,1
"2243",1,1,1,1,1,1,1,1
"2244",1,1,0,0,1,1,0,1
"2245",1,0,0,1,0,1,1,1
"2246",1,1,0,1,1,1,0,1
"2247",1,1,1,1,1,1,0,0
"2248",1,0,1,0,1,0,1,1
"2249",0,1,1,1,0,1,1,0
"2250",1,1,0,1,1,1,1,0
"2251",1,1,1,0,1,1,1,1
"2252",1,1,0,1,1,1,1,1
"2253",1,0,1,1,0,0,1,1
"2254",0,0,0,1,1,0,0,1
"2255",1,1,0,1,1,1,1,1
"2256",0,1,1,0,1,1,0,0
"2257",1,1,1,1,1,0,0,0
"2258",1,1,1,0,1,0,0,0
"2259",1,1,1,0,1,1,1,1
"2260",0,1,0,1,0,1,0,1
"2261",0,1,1,0,1,1,0,0
"2262",1,1,0,1,0,1,1,1
"2263",1,0,1,0,0,0,1,0
"2264",1,0,1,1,0,1,0,1
"2265",0,0,0,1,1,0,0,1
"2266",0,1,0,1,0,0,1,0
"2267",1,1,0,0,1,1,0,1
"2268",1,1,1,1,1,1,1,1
"2269",1,1,1,0,1,1,1,1
"2270",0,1,1,1,0,1,1,1
"2271",0,1,1,0,0,1,1,1
"2272",1,1,1,0,1,1,1,1
"2273",0,1,1,0,0,1,1,0
"2274",1,1,1,0,1,1,1,1
"2275",0,0,1,1,1,0,0,0
"2276",1,0,1,1,1,0,0,0
"2277",1,1,1,1,1,1,0,1
"2278",1,0,1,1,1,1,0,1
"2279",0,1,1,1,1,1,1,0
"2280",0,0,0,0,0,0,0,1
"2281",1,0,1,0,0,0,1,1
"2282",0,1,1,1,1,0,1,1
"2283",1,0,1,1,1,1,1,1
"2284",1,1,1,1,0,0,1,1
"2285",1,1,1,0,1,1,1,1
"2286",1,1,0,1,1,1,1,1
"2287",1,1,1,0,1,0,1,0
"2288",0,0,0,0,1,1,1,0
"2289",1,1,0,1,1,0,0,1
"2290",0,0,0,1,1,0,1,0
"2291",1,1,0,0,1,1,1,0
"2292",1,0,1,0,0,1,0,1
"2293",1,1,1,1,1,0,1,1
"2294",1,1,0,1,1,1,0,1
"2295",1,1,1,0,0,0,1,1
"2296",1,0,0,1,1,1,0,0
"2297",1,1,1,0,0,1,1,0
"2298",0,1,1,0,0,1,1,0
"2299",0,0,1,1,1,0,1,0
"2300",1,1,1,1,1,1,1,1
"2301",1,1,0,0,0,0,1,1
"2302",0,1,1,1,0,1,1,0
"2303",1,0,0,1,1,1,0,0
"2304",1,1,1,1,1,1,1,1
"2305",0,1,1,1,1,0,0,0
"2306",1,0,1,1,0,1,0,1
"2307",0,0,1,0,1,1,1,1
"2308",0,1,1,1,0,0,1,1
"2309",1,1,1,1,0,1,1,1
"2310",1,0,1,1,1,1,1,1
"2311",1,1,0,1,1,1,1,1
"2312",1,1,0,1,1,1,1,1
"2313",1,1,1,1,0,1,1,1
"2314",0,1,1,1,0,1,1,1
"2315",1,1,1,1,0,1,1,1
"2316",1,1,1,0,1,1,1,1
"2317",1,1,1,1,1,0,1,1
"2318",1,1,1,1,0,0,1,1
"2319",0,1,1,1,1,1,1,1
"2320",1,0,0,0,1,1,1,1
"2321",1,1,1,1,1,1,1,1
"2322",1,1,1,1,1,1,1,0
"2323",0,1,0,1,1,1,1,1
"2324",0,1,0,1,1,1,0,1
"2325",1,0,1,1,0,1,0,1
"2326",1,1,1,1,1,1,1,1
"2327",0,0,1,1,0,1,1,1
"2328",0,0,0,1,1,0,1,0
"2329",1,1,1,1,0,0,0,1
"2330",1,1,1,1,1,1,1,0
"2331",1,1,0,1,1,1,1,1
"2332",1,1,1,0,0,0,0,1
"2333",1,0,1,0,0,0,1,1
"2334",1,1,0,1,0,1,0,0
"2335",1,1,1,0,1,1,0,1
"2336",1,1,0,1,0,1,1,1
"2337",1,1,1,0,1,1,1,1
"2338",1,1,1,1,1,0,1,1
"2339",1,1,1,0,1,1,1,1
"2340",1,1,0,1,1,1,0,1
"2341",1,1,0,0,1,1,1,1
"2342",0,0,1,1,1,1,1,1
"2343",1,1,1,1,1,1,1,1
"2344",1,1,1,0,0,1,1,1
"2345",1,1,1,1,1,1,1,1
"2346",1,1,1,0,0,1,0,1
"2347",1,1,0,1,1,0,0,1
"2348",1,1,1,1,1,1,1,1
"2349",1,0,1,1,1,1,1,1
"2350",1,1,1,0,1,1,0,1
"2351",0,1,1,1,0,1,1,1
"2352",0,1,1,1,1,1,1,1
"2353",0,1,0,0,0,0,0,1
"2354",0,1,1,1,1,1,0,1
"2355",0,1,1,1,0,1,1,0
"2356",1,1,0,1,0,1,1,1
"2357",0,1,0,0,1,0,1,1
"2358",0,1,0,1,1,0,1,0
"2359",0,1,1,0,1,1,1,1
"2360",1,1,1,1,1,0,0,0
"2361",1,0,1,0,1,1,0,1
"2362",0,1,1,1,1,1,1,1
"2363",1,1,1,1,1,1,1,1
"2364",1,0,1,1,1,1,1,1
"2365",1,1,0,0,1,1,1,1
"2366",0,1,1,1,1,0,1,1
"2367",1,1,1,1,1,1,0,1
"2368",0,1,0,1,1,0,0,0
"2369",0,1,1,1,1,1,1,0
"2370",1,0,0,1,1,1,1,1
"2371",1,1,1,1,1,0,0,1
"2372",0,0,1,0,0,0,0,0
"2373",1,1,1,1,1,1,0,1
"2374",1,1,1,1,1,1,0,1
"2375",1,1,1,1,1,1,1,1
"2376",1,1,1,1,1,1,1,0
"2377",1,1,1,1,1,1,1,1
"2378",1,0,0,0,0,0,1,1
"2379",1,1,1,0,1,0,1,1
"2380",0,0,1,1,0,0,0,1
"2381",1,1,0,1,1,1,1,1
"2382",1,0,0,1,1,1,0,1
"2383",1,0,1,1,1,1,1,0
"2384",1,1,1,1,1,1,1,1
"2385",1,1,1,1,0,1,1,1
"2386",1,1,0,1,0,0,1,1
"2387",1,1,0,1,0,1,1,0
"2388",0,0,0,1,1,1,1,1
"2389",1,1,1,1,1,1,1,1
"2390",1,1,1,1,1,1,1,1
"2391",1,0,1,1,1,0,1,0
"2392",0,1,1,0,1,0,1,1
"2393",1,1,0,1,1,1,0,1
"2394",1,1,1,1,1,1,1,1
"2395",0,1,1,1,1,1,1,1
"2396",1,1,1,1,1,1,1,0
"2397",1,1,0,1,1,1,1,1
"2398",1,1,0,0,1,1,1,1
"2399",1,1,1,1,1,1,1,1
"2400",1,1,0,1,1,1,1,1
"2401",1,1,0,0,1,0,1,1
"2402",1,1,1,1,0,1,0,0
"2403",1,1,1,0,0,0,1,1
"2404",1,0,1,1,1,0,1,1
"2405",1,1,0,1,0,1,1,0
"2406",1,1,1,1,1,1,1,1
"2407",0,1,1,0,1,1,0,1
"2408",1,1,1,1,1,1,1,1
"2409",1,1,1,1,1,1,0,1
"2410",1,1,1,1,1,1,1,1
"2411",0,1,1,1,1,0,1,1
"2412",0,1,1,1,1,1,0,1
"2413",1,1,1,1,1,1,1,1
"2414",1,1,1,1,1,1,0,1
"2415",1,1,1,1,1,1,0,1
"2416",1,0,1,1,1,1,1,1
"2417",1,1,1,1,1,1,1,1
"2418",1,0,0,0,0,1,1,1
"2419",1,1,1,0,1,1,1,1
"2420",0,1,1,1,1,1,0,1
"2421",1,1,1,1,1,1,1,1
"2422",1,1,1,1,1,0,0,1
"2423",1,0,1,1,1,1,0,1
"2424",1,1,1,0,1,1,1,1
"2425",1,1,1,1,1,0,1,1
"2426",1,1,0,1,0,0,1,0
"2427",0,1,1,0,1,1,1,1
"2428",1,0,1,1,0,1,1,1
"2429",0,1,1,1,1,1,0,0
"2430",1,1,1,1,1,1,1,1
"2431",1,0,1,1,1,0,1,1
"2432",1,1,0,1,0,1,0,1
"2433",0,1,0,1,1,0,1,0
"2434",1,1,1,1,1,0,1,0
"2435",1,1,0,1,1,1,1,1
"2436",1,1,1,1,0,1,1,1
"2437",1,0,1,1,1,1,0,1
"2438",0,1,0,1,1,0,0,1
"2439",1,1,1,0,1,1,1,0
"2440",0,1,1,1,0,1,1,1
"2441",1,1,1,1,1,1,1,1
"2442",1,1,0,1,1,1,1,1
"2443",1,0,1,1,0,0,1,1
"2444",0,1,1,1,1,1,0,1
"2445",1,0,1,1,1,1,0,1
"2446",1,1,1,1,1,1,1,1
"2447",0,1,1,0,1,1,1,0
"2448",1,1,1,0,0,0,1,1
"2449",1,1,1,1,1,1,1,1
"2450",1,1,1,1,1,0,0,1
"2451",1,1,1,1,1,1,1,1
"2452",1,1,1,1,1,1,1,1
"2453",0,1,1,1,1,1,0,1
"2454",0,0,1,1,1,0,0,1
"2455",1,1,1,1,1,1,1,1
"2456",0,1,1,1,1,1,1,1
"2457",1,0,1,0,1,1,1,1
"2458",1,1,1,1,1,1,1,0
"2459",1,0,1,1,1,1,0,1
"2460",1,1,0,1,0,1,1,0
"2461",1,1,0,1,1,1,1,1
"2462",1,1,1,1,1,1,1,1
"2463",0,1,1,1,1,1,1,1
"2464",0,0,1,1,0,0,1,0
"2465",1,0,1,1,1,1,0,0
"2466",0,1,1,1,1,1,1,0
"2467",1,1,0,1,1,0,1,0
"2468",1,0,1,1,1,1,1,1
"2469",1,1,0,1,0,0,1,1
"2470",0,1,1,0,1,1,0,1
"2471",1,0,0,1,1,1,1,1
"2472",0,1,1,1,0,1,1,1
"2473",1,1,1,1,1,1,1,1
"2474",1,0,1,1,1,1,0,1
"2475",1,0,1,0,1,1,1,1
"2476",1,1,1,0,0,0,1,0
"2477",1,0,1,1,1,1,1,1
"2478",0,1,0,1,0,1,0,0
"2479",1,1,1,1,0,1,1,0
"2480",1,1,1,1,1,1,1,1
"2481",1,1,1,1,1,1,1,1
"2482",1,1,1,1,1,1,1,1
"2483",1,1,1,0,0,0,1,0
"2484",1,1,1,1,1,1,1,1
"2485",1,1,0,0,1,1,1,1
"2486",1,0,1,0,1,0,1,0
"2487",0,1,1,1,1,0,0,1
"2488",1,1,0,1,1,0,0,0
"2489",1,1,0,1,1,1,0,1
"2490",0,1,1,1,0,1,0,1
"2491",1,1,1,1,1,0,1,0
"2492",1,1,1,1,1,1,0,0
"2493",1,1,1,0,1,1,1,1
"2494",0,1,0,0,0,1,1,1
"2495",1,0,1,1,1,1,0,1
"2496",1,1,1,1,1,1,0,1
"2497",1,1,1,1,0,0,1,0
"2498",0,1,1,1,1,1,1,1
"2499",0,1,0,1,1,1,1,1
"2500",1,1,0,1,1,0,1,0
"2501",1,1,1,1,1,1,1,1
